,xmin,ymin
1,-904702,-1211710
2,-904702,-1203518
3,-904702,-1195326
4,-904702,-1187134
5,-904702,-1178942
6,-904702,-1170750
7,-904702,-1162558
8,-904702,-1154366
9,-904702,-1146174
10,-904702,-1137982
11,-904702,-1129790
12,-904702,-1121598
13,-904702,-1113406
14,-904702,-1105214
15,-904702,-1097022
16,-904702,-1088830
17,-904702,-1080638
18,-904702,-1072446
19,-904702,-1064254
20,-904702,-1056062
21,-904702,-1047870
22,-904702,-1039678
23,-904702,-1031486
24,-904702,-1023294
25,-904702,-1015102
26,-904702,-1006910
27,-904702,-998718
28,-904702,-990526
29,-904702,-982334
30,-904702,-974142
31,-904702,-965950
32,-904702,-957758
33,-904702,-949566
34,-904702,-941374
35,-896510,-1211710
36,-896510,-1203518
37,-896510,-1195326
38,-896510,-1187134
39,-896510,-1178942
40,-896510,-1170750
41,-896510,-1162558
42,-896510,-1154366
43,-896510,-1146174
44,-896510,-1137982
45,-896510,-1129790
46,-896510,-1121598
47,-896510,-1113406
48,-896510,-1105214
49,-896510,-1097022
50,-896510,-1088830
51,-896510,-1080638
52,-896510,-1072446
53,-896510,-1064254
54,-896510,-1056062
55,-896510,-1047870
56,-896510,-1039678
57,-896510,-1031486
58,-896510,-1023294
59,-896510,-1015102
60,-896510,-1006910
61,-896510,-998718
62,-896510,-990526
63,-896510,-982334
64,-896510,-974142
65,-896510,-965950
66,-896510,-957758
67,-896510,-949566
68,-896510,-941374
69,-888318,-1211710
70,-888318,-1203518
71,-888318,-1195326
72,-888318,-1187134
73,-888318,-1178942
74,-888318,-1170750
75,-888318,-1162558
76,-888318,-1154366
77,-888318,-1146174
78,-888318,-1137982
79,-888318,-1129790
80,-888318,-1121598
81,-888318,-1113406
82,-888318,-1105214
83,-888318,-1097022
84,-888318,-1088830
85,-888318,-1080638
86,-888318,-1072446
87,-888318,-1064254
88,-888318,-1056062
89,-888318,-1047870
90,-888318,-1039678
91,-888318,-1031486
92,-888318,-1023294
93,-888318,-1015102
94,-888318,-1006910
95,-888318,-998718
96,-888318,-990526
97,-888318,-982334
98,-888318,-974142
99,-888318,-965950
100,-888318,-957758
101,-888318,-949566
102,-888318,-941374
103,-880126,-1211710
104,-880126,-1203518
105,-880126,-1195326
106,-880126,-1187134
107,-880126,-1178942
108,-880126,-1170750
109,-880126,-1162558
110,-880126,-1154366
111,-880126,-1146174
112,-880126,-1137982
113,-880126,-1129790
114,-880126,-1121598
115,-880126,-1113406
116,-880126,-1105214
117,-880126,-1097022
118,-880126,-1088830
119,-880126,-1080638
120,-880126,-1072446
121,-880126,-1064254
122,-880126,-1056062
123,-880126,-1047870
124,-880126,-1039678
125,-880126,-1031486
126,-880126,-1023294
127,-880126,-1015102
128,-880126,-1006910
129,-880126,-998718
130,-880126,-990526
131,-880126,-982334
132,-880126,-974142
133,-880126,-965950
134,-880126,-957758
135,-880126,-949566
136,-880126,-941374
137,-871934,-1211710
138,-871934,-1203518
139,-871934,-1195326
140,-871934,-1187134
141,-871934,-1178942
142,-871934,-1170750
143,-871934,-1162558
144,-871934,-1154366
145,-871934,-1146174
146,-871934,-1137982
147,-871934,-1129790
148,-871934,-1121598
149,-871934,-1113406
150,-871934,-1105214
151,-871934,-1097022
152,-871934,-1088830
153,-871934,-1080638
154,-871934,-1072446
155,-871934,-1064254
156,-871934,-1056062
157,-871934,-1047870
158,-871934,-1039678
159,-871934,-1031486
160,-871934,-1023294
161,-871934,-1015102
162,-871934,-1006910
163,-871934,-998718
164,-871934,-990526
165,-871934,-982334
166,-871934,-974142
167,-871934,-965950
168,-871934,-957758
169,-871934,-949566
170,-871934,-941374
171,-863742,-1211710
172,-863742,-1203518
173,-863742,-1195326
174,-863742,-1187134
175,-863742,-1178942
176,-863742,-1170750
177,-863742,-1162558
178,-863742,-1154366
179,-863742,-1146174
180,-863742,-1137982
181,-863742,-1129790
182,-863742,-1121598
183,-863742,-1113406
184,-863742,-1105214
185,-863742,-1097022
186,-863742,-1088830
187,-863742,-1080638
188,-863742,-1072446
189,-863742,-1064254
190,-863742,-1056062
191,-863742,-1047870
192,-863742,-1039678
193,-863742,-1031486
194,-863742,-1023294
195,-863742,-1015102
196,-863742,-1006910
197,-863742,-998718
198,-863742,-990526
199,-863742,-982334
200,-863742,-974142
201,-863742,-965950
202,-863742,-957758
203,-863742,-949566
204,-863742,-941374
205,-855550,-1211710
206,-855550,-1203518
207,-855550,-1195326
208,-855550,-1187134
209,-855550,-1178942
210,-855550,-1170750
211,-855550,-1162558
212,-855550,-1154366
213,-855550,-1146174
214,-855550,-1137982
215,-855550,-1129790
216,-855550,-1121598
217,-855550,-1113406
218,-855550,-1105214
219,-855550,-1097022
220,-855550,-1088830
221,-855550,-1080638
222,-855550,-1072446
223,-855550,-1064254
224,-855550,-1056062
225,-855550,-1047870
226,-855550,-1039678
227,-855550,-1031486
228,-855550,-1023294
229,-855550,-1015102
230,-855550,-1006910
231,-855550,-998718
232,-855550,-990526
233,-855550,-982334
234,-855550,-974142
235,-855550,-965950
236,-855550,-957758
237,-855550,-949566
238,-855550,-941374
239,-847358,-1211710
240,-847358,-1203518
241,-847358,-1195326
242,-847358,-1187134
243,-847358,-1178942
244,-847358,-1170750
245,-847358,-1162558
246,-847358,-1154366
247,-847358,-1146174
248,-847358,-1137982
249,-847358,-1129790
250,-847358,-1121598
251,-847358,-1113406
252,-847358,-1105214
253,-847358,-1097022
254,-847358,-1088830
255,-847358,-1080638
256,-847358,-1072446
257,-847358,-1064254
258,-847358,-1056062
259,-847358,-1047870
260,-847358,-1039678
261,-847358,-1031486
262,-847358,-1023294
263,-847358,-1015102
264,-847358,-1006910
265,-847358,-998718
266,-847358,-990526
267,-847358,-982334
268,-847358,-974142
269,-847358,-965950
270,-847358,-957758
271,-847358,-949566
272,-847358,-941374
273,-839166,-1211710
274,-839166,-1203518
275,-839166,-1195326
276,-839166,-1187134
277,-839166,-1178942
278,-839166,-1170750
279,-839166,-1162558
280,-839166,-1154366
281,-839166,-1146174
282,-839166,-1137982
283,-839166,-1129790
284,-839166,-1121598
285,-839166,-1113406
286,-839166,-1105214
287,-839166,-1097022
288,-839166,-1088830
289,-839166,-1080638
290,-839166,-1072446
291,-839166,-1064254
292,-839166,-1056062
293,-839166,-1047870
294,-839166,-1039678
295,-839166,-1031486
296,-839166,-1023294
297,-839166,-1015102
298,-839166,-1006910
299,-839166,-998718
300,-839166,-990526
301,-839166,-982334
302,-839166,-974142
303,-839166,-965950
304,-839166,-957758
305,-839166,-949566
306,-839166,-941374
307,-830974,-1211710
308,-830974,-1203518
309,-830974,-1195326
310,-830974,-1187134
311,-830974,-1178942
312,-830974,-1170750
313,-830974,-1162558
314,-830974,-1154366
315,-830974,-1146174
316,-830974,-1137982
317,-830974,-1129790
318,-830974,-1121598
319,-830974,-1113406
320,-830974,-1105214
321,-830974,-1097022
322,-830974,-1088830
323,-830974,-1080638
324,-830974,-1072446
325,-830974,-1064254
326,-830974,-1056062
327,-830974,-1047870
328,-830974,-1039678
329,-830974,-1031486
330,-830974,-1023294
331,-830974,-1015102
332,-830974,-1006910
333,-830974,-998718
334,-830974,-990526
335,-830974,-982334
336,-830974,-974142
337,-830974,-965950
338,-830974,-957758
339,-830974,-949566
340,-830974,-941374
341,-822782,-1211710
342,-822782,-1203518
343,-822782,-1195326
344,-822782,-1187134
345,-822782,-1178942
346,-822782,-1170750
347,-822782,-1162558
348,-822782,-1154366
349,-822782,-1146174
350,-822782,-1137982
351,-822782,-1129790
352,-822782,-1121598
353,-822782,-1113406
354,-822782,-1105214
355,-822782,-1097022
356,-822782,-1088830
357,-822782,-1080638
358,-822782,-1072446
359,-822782,-1064254
360,-822782,-1056062
361,-822782,-1047870
362,-822782,-1039678
363,-822782,-1031486
364,-822782,-1023294
365,-822782,-1015102
366,-822782,-1006910
367,-822782,-998718
368,-822782,-990526
369,-822782,-982334
370,-822782,-974142
371,-822782,-965950
372,-822782,-957758
373,-822782,-949566
374,-822782,-941374
375,-814590,-1211710
376,-814590,-1203518
377,-814590,-1195326
378,-814590,-1187134
379,-814590,-1178942
380,-814590,-1170750
381,-814590,-1162558
382,-814590,-1154366
383,-814590,-1146174
384,-814590,-1137982
385,-814590,-1129790
386,-814590,-1121598
387,-814590,-1113406
388,-814590,-1105214
389,-814590,-1097022
390,-814590,-1088830
391,-814590,-1080638
392,-814590,-1072446
393,-814590,-1064254
394,-814590,-1056062
395,-814590,-1047870
396,-814590,-1039678
397,-814590,-1031486
398,-814590,-1023294
399,-814590,-1015102
400,-814590,-1006910
401,-814590,-998718
402,-814590,-990526
403,-814590,-982334
404,-814590,-974142
405,-814590,-965950
406,-814590,-957758
407,-814590,-949566
408,-814590,-941374
409,-806398,-1211710
410,-806398,-1203518
411,-806398,-1195326
412,-806398,-1187134
413,-806398,-1178942
414,-806398,-1170750
415,-806398,-1162558
416,-806398,-1154366
417,-806398,-1146174
418,-806398,-1137982
419,-806398,-1129790
420,-806398,-1121598
421,-806398,-1113406
422,-806398,-1105214
423,-806398,-1097022
424,-806398,-1088830
425,-806398,-1080638
426,-806398,-1072446
427,-806398,-1064254
428,-806398,-1056062
429,-806398,-1047870
430,-806398,-1039678
431,-806398,-1031486
432,-806398,-1023294
433,-806398,-1015102
434,-806398,-1006910
435,-806398,-998718
436,-806398,-990526
437,-806398,-982334
438,-806398,-974142
439,-806398,-965950
440,-806398,-957758
441,-806398,-949566
442,-806398,-941374
443,-798206,-1211710
444,-798206,-1203518
445,-798206,-1195326
446,-798206,-1187134
447,-798206,-1178942
448,-798206,-1170750
449,-798206,-1162558
450,-798206,-1154366
451,-798206,-1146174
452,-798206,-1137982
453,-798206,-1129790
454,-798206,-1121598
455,-798206,-1113406
456,-798206,-1105214
457,-798206,-1097022
458,-798206,-1088830
459,-798206,-1080638
460,-798206,-1072446
461,-798206,-1064254
462,-798206,-1056062
463,-798206,-1047870
464,-798206,-1039678
465,-798206,-1031486
466,-798206,-1023294
467,-798206,-1015102
468,-798206,-1006910
469,-798206,-998718
470,-798206,-990526
471,-798206,-982334
472,-798206,-974142
473,-798206,-965950
474,-798206,-957758
475,-798206,-949566
476,-798206,-941374
477,-790014,-1211710
478,-790014,-1203518
479,-790014,-1195326
480,-790014,-1187134
481,-790014,-1178942
482,-790014,-1170750
483,-790014,-1162558
484,-790014,-1154366
485,-790014,-1146174
486,-790014,-1137982
487,-790014,-1129790
488,-790014,-1121598
489,-790014,-1113406
490,-790014,-1105214
491,-790014,-1097022
492,-790014,-1088830
493,-790014,-1080638
494,-790014,-1072446
495,-790014,-1064254
496,-790014,-1056062
497,-790014,-1047870
498,-790014,-1039678
499,-790014,-1031486
500,-790014,-1023294
501,-790014,-1015102
502,-790014,-1006910
503,-790014,-998718
504,-790014,-990526
505,-790014,-982334
506,-790014,-974142
507,-790014,-965950
508,-790014,-957758
509,-790014,-949566
510,-790014,-941374
511,-781822,-1211710
512,-781822,-1203518
513,-781822,-1195326
514,-781822,-1187134
515,-781822,-1178942
516,-781822,-1170750
517,-781822,-1162558
518,-781822,-1154366
519,-781822,-1146174
520,-781822,-1137982
521,-781822,-1129790
522,-781822,-1121598
523,-781822,-1113406
524,-781822,-1105214
525,-781822,-1097022
526,-781822,-1088830
527,-781822,-1080638
528,-781822,-1072446
529,-781822,-1064254
530,-781822,-1056062
531,-781822,-1047870
532,-781822,-1039678
533,-781822,-1031486
534,-781822,-1023294
535,-781822,-1015102
536,-781822,-1006910
537,-781822,-998718
538,-781822,-990526
539,-781822,-982334
540,-781822,-974142
541,-781822,-965950
542,-781822,-957758
543,-781822,-949566
544,-781822,-941374
545,-773630,-1211710
546,-773630,-1203518
547,-773630,-1195326
548,-773630,-1187134
549,-773630,-1178942
550,-773630,-1170750
551,-773630,-1162558
552,-773630,-1154366
553,-773630,-1146174
554,-773630,-1137982
555,-773630,-1129790
556,-773630,-1121598
557,-773630,-1113406
558,-773630,-1105214
559,-773630,-1097022
560,-773630,-1088830
561,-773630,-1080638
562,-773630,-1072446
563,-773630,-1064254
564,-773630,-1056062
565,-773630,-1047870
566,-773630,-1039678
567,-773630,-1031486
568,-773630,-1023294
569,-773630,-1015102
570,-773630,-1006910
571,-773630,-998718
572,-773630,-990526
573,-773630,-982334
574,-773630,-974142
575,-773630,-965950
576,-773630,-957758
577,-773630,-949566
578,-773630,-941374
579,-765438,-1211710
580,-765438,-1203518
581,-765438,-1195326
582,-765438,-1187134
583,-765438,-1178942
584,-765438,-1170750
585,-765438,-1162558
586,-765438,-1154366
587,-765438,-1146174
588,-765438,-1137982
589,-765438,-1129790
590,-765438,-1121598
591,-765438,-1113406
592,-765438,-1105214
593,-765438,-1097022
594,-765438,-1088830
595,-765438,-1080638
596,-765438,-1072446
597,-765438,-1064254
598,-765438,-1056062
599,-765438,-1047870
600,-765438,-1039678
601,-765438,-1031486
602,-765438,-1023294
603,-765438,-1015102
604,-765438,-1006910
605,-765438,-998718
606,-765438,-990526
607,-765438,-982334
608,-765438,-974142
609,-765438,-965950
610,-765438,-957758
611,-765438,-949566
612,-765438,-941374
613,-757246,-1211710
614,-757246,-1203518
615,-757246,-1195326
616,-757246,-1187134
617,-757246,-1178942
618,-757246,-1170750
619,-757246,-1162558
620,-757246,-1154366
621,-757246,-1146174
622,-757246,-1137982
623,-757246,-1129790
624,-757246,-1121598
625,-757246,-1113406
626,-757246,-1105214
627,-757246,-1097022
628,-757246,-1088830
629,-757246,-1080638
630,-757246,-1072446
631,-757246,-1064254
632,-757246,-1056062
633,-757246,-1047870
634,-757246,-1039678
635,-757246,-1031486
636,-757246,-1023294
637,-757246,-1015102
638,-757246,-1006910
639,-757246,-998718
640,-757246,-990526
641,-757246,-982334
642,-757246,-974142
643,-757246,-965950
644,-757246,-957758
645,-757246,-949566
646,-757246,-941374
647,-749054,-1211710
648,-749054,-1203518
649,-749054,-1195326
650,-749054,-1187134
651,-749054,-1178942
652,-749054,-1170750
653,-749054,-1162558
654,-749054,-1154366
655,-749054,-1146174
656,-749054,-1137982
657,-749054,-1129790
658,-749054,-1121598
659,-749054,-1113406
660,-749054,-1105214
661,-749054,-1097022
662,-749054,-1088830
663,-749054,-1080638
664,-749054,-1072446
665,-749054,-1064254
666,-749054,-1056062
667,-749054,-1047870
668,-749054,-1039678
669,-749054,-1031486
670,-749054,-1023294
671,-749054,-1015102
672,-749054,-1006910
673,-749054,-998718
674,-749054,-990526
675,-749054,-982334
676,-749054,-974142
677,-749054,-965950
678,-749054,-957758
679,-749054,-949566
680,-749054,-941374
681,-740862,-1211710
682,-740862,-1203518
683,-740862,-1195326
684,-740862,-1187134
685,-740862,-1178942
686,-740862,-1170750
687,-740862,-1162558
688,-740862,-1154366
689,-740862,-1146174
690,-740862,-1137982
691,-740862,-1129790
692,-740862,-1121598
693,-740862,-1113406
694,-740862,-1105214
695,-740862,-1097022
696,-740862,-1088830
697,-740862,-1080638
698,-740862,-1072446
699,-740862,-1064254
700,-740862,-1056062
701,-740862,-1047870
702,-740862,-1039678
703,-740862,-1031486
704,-740862,-1023294
705,-740862,-1015102
706,-740862,-1006910
707,-740862,-998718
708,-740862,-990526
709,-740862,-982334
710,-740862,-974142
711,-740862,-965950
712,-740862,-957758
713,-740862,-949566
714,-740862,-941374
715,-732670,-1211710
716,-732670,-1203518
717,-732670,-1195326
718,-732670,-1187134
719,-732670,-1178942
720,-732670,-1170750
721,-732670,-1162558
722,-732670,-1154366
723,-732670,-1146174
724,-732670,-1137982
725,-732670,-1129790
726,-732670,-1121598
727,-732670,-1113406
728,-732670,-1105214
729,-732670,-1097022
730,-732670,-1088830
731,-732670,-1080638
732,-732670,-1072446
733,-732670,-1064254
734,-732670,-1056062
735,-732670,-1047870
736,-732670,-1039678
737,-732670,-1031486
738,-732670,-1023294
739,-732670,-1015102
740,-732670,-1006910
741,-732670,-998718
742,-732670,-990526
743,-732670,-982334
744,-732670,-974142
745,-732670,-965950
746,-732670,-957758
747,-732670,-949566
748,-732670,-941374
749,-724478,-1211710
750,-724478,-1203518
751,-724478,-1195326
752,-724478,-1187134
753,-724478,-1178942
754,-724478,-1170750
755,-724478,-1162558
756,-724478,-1154366
757,-724478,-1146174
758,-724478,-1137982
759,-724478,-1129790
760,-724478,-1121598
761,-724478,-1113406
762,-724478,-1105214
763,-724478,-1097022
764,-724478,-1088830
765,-724478,-1080638
766,-724478,-1072446
767,-724478,-1064254
768,-724478,-1056062
769,-724478,-1047870
770,-724478,-1039678
771,-724478,-1031486
772,-724478,-1023294
773,-724478,-1015102
774,-724478,-1006910
775,-724478,-998718
776,-724478,-990526
777,-724478,-982334
778,-724478,-974142
779,-724478,-965950
780,-724478,-957758
781,-724478,-949566
782,-724478,-941374
783,-716286,-1211710
784,-716286,-1203518
785,-716286,-1195326
786,-716286,-1187134
787,-716286,-1178942
788,-716286,-1170750
789,-716286,-1162558
790,-716286,-1154366
791,-716286,-1146174
792,-716286,-1137982
793,-716286,-1129790
794,-716286,-1121598
795,-716286,-1113406
796,-716286,-1105214
797,-716286,-1097022
798,-716286,-1088830
799,-716286,-1080638
800,-716286,-1072446
801,-716286,-1064254
802,-716286,-1056062
803,-716286,-1047870
804,-716286,-1039678
805,-716286,-1031486
806,-716286,-1023294
807,-716286,-1015102
808,-716286,-1006910
809,-716286,-998718
810,-716286,-990526
811,-716286,-982334
812,-716286,-974142
813,-716286,-965950
814,-716286,-957758
815,-716286,-949566
816,-716286,-941374
817,-708094,-1211710
818,-708094,-1203518
819,-708094,-1195326
820,-708094,-1187134
821,-708094,-1178942
822,-708094,-1170750
823,-708094,-1162558
824,-708094,-1154366
825,-708094,-1146174
826,-708094,-1137982
827,-708094,-1129790
828,-708094,-1121598
829,-708094,-1113406
830,-708094,-1105214
831,-708094,-1097022
832,-708094,-1088830
833,-708094,-1080638
834,-708094,-1072446
835,-708094,-1064254
836,-708094,-1056062
837,-708094,-1047870
838,-708094,-1039678
839,-708094,-1031486
840,-708094,-1023294
841,-708094,-1015102
842,-708094,-1006910
843,-708094,-998718
844,-708094,-990526
845,-708094,-982334
846,-708094,-974142
847,-708094,-965950
848,-708094,-957758
849,-708094,-949566
850,-708094,-941374
851,-699902,-1211710
852,-699902,-1203518
853,-699902,-1195326
854,-699902,-1187134
855,-699902,-1178942
856,-699902,-1170750
857,-699902,-1162558
858,-699902,-1154366
859,-699902,-1146174
860,-699902,-1137982
861,-699902,-1129790
862,-699902,-1121598
863,-699902,-1113406
864,-699902,-1105214
865,-699902,-1097022
866,-699902,-1088830
867,-699902,-1080638
868,-699902,-1072446
869,-699902,-1064254
870,-699902,-1056062
871,-699902,-1047870
872,-699902,-1039678
873,-699902,-1031486
874,-699902,-1023294
875,-699902,-1015102
876,-699902,-1006910
877,-699902,-998718
878,-699902,-990526
879,-699902,-982334
880,-699902,-974142
881,-699902,-965950
882,-699902,-957758
883,-699902,-949566
884,-699902,-941374
885,-691710,-1211710
886,-691710,-1203518
887,-691710,-1195326
888,-691710,-1187134
889,-691710,-1178942
890,-691710,-1170750
891,-691710,-1162558
892,-691710,-1154366
893,-691710,-1146174
894,-691710,-1137982
895,-691710,-1129790
896,-691710,-1121598
897,-691710,-1113406
898,-691710,-1105214
899,-691710,-1097022
900,-691710,-1088830
901,-691710,-1080638
902,-691710,-1072446
903,-691710,-1064254
904,-691710,-1056062
905,-691710,-1047870
906,-691710,-1039678
907,-691710,-1031486
908,-691710,-1023294
909,-691710,-1015102
910,-691710,-1006910
911,-691710,-998718
912,-691710,-990526
913,-691710,-982334
914,-691710,-974142
915,-691710,-965950
916,-691710,-957758
917,-691710,-949566
918,-691710,-941374
919,-683518,-1211710
920,-683518,-1203518
921,-683518,-1195326
922,-683518,-1187134
923,-683518,-1178942
924,-683518,-1170750
925,-683518,-1162558
926,-683518,-1154366
927,-683518,-1146174
928,-683518,-1137982
929,-683518,-1129790
930,-683518,-1121598
931,-683518,-1113406
932,-683518,-1105214
933,-683518,-1097022
934,-683518,-1088830
935,-683518,-1080638
936,-683518,-1072446
937,-683518,-1064254
938,-683518,-1056062
939,-683518,-1047870
940,-683518,-1039678
941,-683518,-1031486
942,-683518,-1023294
943,-683518,-1015102
944,-683518,-1006910
945,-683518,-998718
946,-683518,-990526
947,-683518,-982334
948,-683518,-974142
949,-683518,-965950
950,-683518,-957758
951,-683518,-949566
952,-683518,-941374
953,-675326,-1211710
954,-675326,-1203518
955,-675326,-1195326
956,-675326,-1187134
957,-675326,-1178942
958,-675326,-1170750
959,-675326,-1162558
960,-675326,-1154366
961,-675326,-1146174
962,-675326,-1137982
963,-675326,-1129790
964,-675326,-1121598
965,-675326,-1113406
966,-675326,-1105214
967,-675326,-1097022
968,-675326,-1088830
969,-675326,-1080638
970,-675326,-1072446
971,-675326,-1064254
972,-675326,-1056062
973,-675326,-1047870
974,-675326,-1039678
975,-675326,-1031486
976,-675326,-1023294
977,-675326,-1015102
978,-675326,-1006910
979,-675326,-998718
980,-675326,-990526
981,-675326,-982334
982,-675326,-974142
983,-675326,-965950
984,-675326,-957758
985,-675326,-949566
986,-675326,-941374
987,-667134,-1211710
988,-667134,-1203518
989,-667134,-1195326
990,-667134,-1187134
991,-667134,-1178942
992,-667134,-1170750
993,-667134,-1162558
994,-667134,-1154366
995,-667134,-1146174
996,-667134,-1137982
997,-667134,-1129790
998,-667134,-1121598
999,-667134,-1113406
1000,-667134,-1105214
1001,-667134,-1097022
1002,-667134,-1088830
1003,-667134,-1080638
1004,-667134,-1072446
1005,-667134,-1064254
1006,-667134,-1056062
1007,-667134,-1047870
1008,-667134,-1039678
1009,-667134,-1031486
1010,-667134,-1023294
1011,-667134,-1015102
1012,-667134,-1006910
1013,-667134,-998718
1014,-667134,-990526
1015,-667134,-982334
1016,-667134,-974142
1017,-667134,-965950
1018,-667134,-957758
1019,-667134,-949566
1020,-667134,-941374
1021,-658942,-1211710
1022,-658942,-1203518
1023,-658942,-1195326
1024,-658942,-1187134
1025,-658942,-1178942
1026,-658942,-1170750
1027,-658942,-1162558
1028,-658942,-1154366
1029,-658942,-1146174
1030,-658942,-1137982
1031,-658942,-1129790
1032,-658942,-1121598
1033,-658942,-1113406
1034,-658942,-1105214
1035,-658942,-1097022
1036,-658942,-1088830
1037,-658942,-1080638
1038,-658942,-1072446
1039,-658942,-1064254
1040,-658942,-1056062
1041,-658942,-1047870
1042,-658942,-1039678
1043,-658942,-1031486
1044,-658942,-1023294
1045,-658942,-1015102
1046,-658942,-1006910
1047,-658942,-998718
1048,-658942,-990526
1049,-658942,-982334
1050,-658942,-974142
1051,-658942,-965950
1052,-658942,-957758
1053,-658942,-949566
1054,-658942,-941374
1055,-650750,-1211710
1056,-650750,-1203518
1057,-650750,-1195326
1058,-650750,-1187134
1059,-650750,-1178942
1060,-650750,-1170750
1061,-650750,-1162558
1062,-650750,-1154366
1063,-650750,-1146174
1064,-650750,-1137982
1065,-650750,-1129790
1066,-650750,-1121598
1067,-650750,-1113406
1068,-650750,-1105214
1069,-650750,-1097022
1070,-650750,-1088830
1071,-650750,-1080638
1072,-650750,-1072446
1073,-650750,-1064254
1074,-650750,-1056062
1075,-650750,-1047870
1076,-650750,-1039678
1077,-650750,-1031486
1078,-650750,-1023294
1079,-650750,-1015102
1080,-650750,-1006910
1081,-650750,-998718
1082,-650750,-990526
1083,-650750,-982334
1084,-650750,-974142
1085,-650750,-965950
1086,-650750,-957758
1087,-650750,-949566
1088,-650750,-941374
1089,-642558,-1211710
1090,-642558,-1203518
1091,-642558,-1195326
1092,-642558,-1187134
1093,-642558,-1178942
1094,-642558,-1170750
1095,-642558,-1162558
1096,-642558,-1154366
1097,-642558,-1146174
1098,-642558,-1137982
1099,-642558,-1129790
1100,-642558,-1121598
1101,-642558,-1113406
1102,-642558,-1105214
1103,-642558,-1097022
1104,-642558,-1088830
1105,-642558,-1080638
1106,-642558,-1072446
1107,-642558,-1064254
1108,-642558,-1056062
1109,-642558,-1047870
1110,-642558,-1039678
1111,-642558,-1031486
1112,-642558,-1023294
1113,-642558,-1015102
1114,-642558,-1006910
1115,-642558,-998718
1116,-642558,-990526
1117,-642558,-982334
1118,-642558,-974142
1119,-642558,-965950
1120,-642558,-957758
1121,-642558,-949566
1122,-642558,-941374
1123,-634366,-1211710
1124,-634366,-1203518
1125,-634366,-1195326
1126,-634366,-1187134
1127,-634366,-1178942
1128,-634366,-1170750
1129,-634366,-1162558
1130,-634366,-1154366
1131,-634366,-1146174
1132,-634366,-1137982
1133,-634366,-1129790
1134,-634366,-1121598
1135,-634366,-1113406
1136,-634366,-1105214
1137,-634366,-1097022
1138,-634366,-1088830
1139,-634366,-1080638
1140,-634366,-1072446
1141,-634366,-1064254
1142,-634366,-1056062
1143,-634366,-1047870
1144,-634366,-1039678
1145,-634366,-1031486
1146,-634366,-1023294
1147,-634366,-1015102
1148,-634366,-1006910
1149,-634366,-998718
1150,-634366,-990526
1151,-634366,-982334
1152,-634366,-974142
1153,-634366,-965950
1154,-634366,-957758
1155,-634366,-949566
1156,-634366,-941374
1157,-626174,-1211710
1158,-626174,-1203518
1159,-626174,-1195326
1160,-626174,-1187134
1161,-626174,-1178942
1162,-626174,-1170750
1163,-626174,-1162558
1164,-626174,-1154366
1165,-626174,-1146174
1166,-626174,-1137982
1167,-626174,-1129790
1168,-626174,-1121598
1169,-626174,-1113406
1170,-626174,-1105214
1171,-626174,-1097022
1172,-626174,-1088830
1173,-626174,-1080638
1174,-626174,-1072446
1175,-626174,-1064254
1176,-626174,-1056062
1177,-626174,-1047870
1178,-626174,-1039678
1179,-626174,-1031486
1180,-626174,-1023294
1181,-626174,-1015102
1182,-626174,-1006910
1183,-626174,-998718
1184,-626174,-990526
1185,-626174,-982334
1186,-626174,-974142
1187,-626174,-965950
1188,-626174,-957758
1189,-626174,-949566
1190,-626174,-941374
1191,-617982,-1211710
1192,-617982,-1203518
1193,-617982,-1195326
1194,-617982,-1187134
1195,-617982,-1178942
1196,-617982,-1170750
1197,-617982,-1162558
1198,-617982,-1154366
1199,-617982,-1146174
1200,-617982,-1137982
1201,-617982,-1129790
1202,-617982,-1121598
1203,-617982,-1113406
1204,-617982,-1105214
1205,-617982,-1097022
1206,-617982,-1088830
1207,-617982,-1080638
1208,-617982,-1072446
1209,-617982,-1064254
1210,-617982,-1056062
1211,-617982,-1047870
1212,-617982,-1039678
1213,-617982,-1031486
1214,-617982,-1023294
1215,-617982,-1015102
1216,-617982,-1006910
1217,-617982,-998718
1218,-617982,-990526
1219,-617982,-982334
1220,-617982,-974142
1221,-617982,-965950
1222,-617982,-957758
1223,-617982,-949566
1224,-617982,-941374
1225,-609790,-1211710
1226,-609790,-1203518
1227,-609790,-1195326
1228,-609790,-1187134
1229,-609790,-1178942
1230,-609790,-1170750
1231,-609790,-1162558
1232,-609790,-1154366
1233,-609790,-1146174
1234,-609790,-1137982
1235,-609790,-1129790
1236,-609790,-1121598
1237,-609790,-1113406
1238,-609790,-1105214
1239,-609790,-1097022
1240,-609790,-1088830
1241,-609790,-1080638
1242,-609790,-1072446
1243,-609790,-1064254
1244,-609790,-1056062
1245,-609790,-1047870
1246,-609790,-1039678
1247,-609790,-1031486
1248,-609790,-1023294
1249,-609790,-1015102
1250,-609790,-1006910
1251,-609790,-998718
1252,-609790,-990526
1253,-609790,-982334
1254,-609790,-974142
1255,-609790,-965950
1256,-609790,-957758
1257,-609790,-949566
1258,-609790,-941374
1259,-601598,-1211710
1260,-601598,-1203518
1261,-601598,-1195326
1262,-601598,-1187134
1263,-601598,-1178942
1264,-601598,-1170750
1265,-601598,-1162558
1266,-601598,-1154366
1267,-601598,-1146174
1268,-601598,-1137982
1269,-601598,-1129790
1270,-601598,-1121598
1271,-601598,-1113406
1272,-601598,-1105214
1273,-601598,-1097022
1274,-601598,-1088830
1275,-601598,-1080638
1276,-601598,-1072446
1277,-601598,-1064254
1278,-601598,-1056062
1279,-601598,-1047870
1280,-601598,-1039678
1281,-601598,-1031486
1282,-601598,-1023294
1283,-601598,-1015102
1284,-601598,-1006910
1285,-601598,-998718
1286,-601598,-990526
1287,-601598,-982334
1288,-601598,-974142
1289,-601598,-965950
1290,-601598,-957758
1291,-601598,-949566
1292,-601598,-941374
1293,-593406,-1211710
1294,-593406,-1203518
1295,-593406,-1195326
1296,-593406,-1187134
1297,-593406,-1178942
1298,-593406,-1170750
1299,-593406,-1162558
1300,-593406,-1154366
1301,-593406,-1146174
1302,-593406,-1137982
1303,-593406,-1129790
1304,-593406,-1121598
1305,-593406,-1113406
1306,-593406,-1105214
1307,-593406,-1097022
1308,-593406,-1088830
1309,-593406,-1080638
1310,-593406,-1072446
1311,-593406,-1064254
1312,-593406,-1056062
1313,-593406,-1047870
1314,-593406,-1039678
1315,-593406,-1031486
1316,-593406,-1023294
1317,-593406,-1015102
1318,-593406,-1006910
1319,-593406,-998718
1320,-593406,-990526
1321,-593406,-982334
1322,-593406,-974142
1323,-593406,-965950
1324,-593406,-957758
1325,-593406,-949566
1326,-593406,-941374
1327,-585214,-1211710
1328,-585214,-1203518
1329,-585214,-1195326
1330,-585214,-1187134
1331,-585214,-1178942
1332,-585214,-1170750
1333,-585214,-1162558
1334,-585214,-1154366
1335,-585214,-1146174
1336,-585214,-1137982
1337,-585214,-1129790
1338,-585214,-1121598
1339,-585214,-1113406
1340,-585214,-1105214
1341,-585214,-1097022
1342,-585214,-1088830
1343,-585214,-1080638
1344,-585214,-1072446
1345,-585214,-1064254
1346,-585214,-1056062
1347,-585214,-1047870
1348,-585214,-1039678
1349,-585214,-1031486
1350,-585214,-1023294
1351,-585214,-1015102
1352,-585214,-1006910
1353,-585214,-998718
1354,-585214,-990526
1355,-585214,-982334
1356,-585214,-974142
1357,-585214,-965950
1358,-585214,-957758
1359,-585214,-949566
1360,-585214,-941374
1361,-577022,-1211710
1362,-577022,-1203518
1363,-577022,-1195326
1364,-577022,-1187134
1365,-577022,-1178942
1366,-577022,-1170750
1367,-577022,-1162558
1368,-577022,-1154366
1369,-577022,-1146174
1370,-577022,-1137982
1371,-577022,-1129790
1372,-577022,-1121598
1373,-577022,-1113406
1374,-577022,-1105214
1375,-577022,-1097022
1376,-577022,-1088830
1377,-577022,-1080638
1378,-577022,-1072446
1379,-577022,-1064254
1380,-577022,-1056062
1381,-577022,-1047870
1382,-577022,-1039678
1383,-577022,-1031486
1384,-577022,-1023294
1385,-577022,-1015102
1386,-577022,-1006910
1387,-577022,-998718
1388,-577022,-990526
1389,-577022,-982334
1390,-577022,-974142
1391,-577022,-965950
1392,-577022,-957758
1393,-577022,-949566
1394,-577022,-941374
1395,-568830,-1211710
1396,-568830,-1203518
1397,-568830,-1195326
1398,-568830,-1187134
1399,-568830,-1178942
1400,-568830,-1170750
1401,-568830,-1162558
1402,-568830,-1154366
1403,-568830,-1146174
1404,-568830,-1137982
1405,-568830,-1129790
1406,-568830,-1121598
1407,-568830,-1113406
1408,-568830,-1105214
1409,-568830,-1097022
1410,-568830,-1088830
1411,-568830,-1080638
1412,-568830,-1072446
1413,-568830,-1064254
1414,-568830,-1056062
1415,-568830,-1047870
1416,-568830,-1039678
1417,-568830,-1031486
1418,-568830,-1023294
1419,-568830,-1015102
1420,-568830,-1006910
1421,-568830,-998718
1422,-568830,-990526
1423,-568830,-982334
1424,-568830,-974142
1425,-568830,-965950
1426,-568830,-957758
1427,-568830,-949566
1428,-568830,-941374
1429,-560638,-1211710
1430,-560638,-1203518
1431,-560638,-1195326
1432,-560638,-1187134
1433,-560638,-1178942
1434,-560638,-1170750
1435,-560638,-1162558
1436,-560638,-1154366
1437,-560638,-1146174
1438,-560638,-1137982
1439,-560638,-1129790
1440,-560638,-1121598
1441,-560638,-1113406
1442,-560638,-1105214
1443,-560638,-1097022
1444,-560638,-1088830
1445,-560638,-1080638
1446,-560638,-1072446
1447,-560638,-1064254
1448,-560638,-1056062
1449,-560638,-1047870
1450,-560638,-1039678
1451,-560638,-1031486
1452,-560638,-1023294
1453,-560638,-1015102
1454,-560638,-1006910
1455,-560638,-998718
1456,-560638,-990526
1457,-560638,-982334
1458,-560638,-974142
1459,-560638,-965950
1460,-560638,-957758
1461,-560638,-949566
1462,-560638,-941374
1463,-552446,-1211710
1464,-552446,-1203518
1465,-552446,-1195326
1466,-552446,-1187134
1467,-552446,-1178942
1468,-552446,-1170750
1469,-552446,-1162558
1470,-552446,-1154366
1471,-552446,-1146174
1472,-552446,-1137982
1473,-552446,-1129790
1474,-552446,-1121598
1475,-552446,-1113406
1476,-552446,-1105214
1477,-552446,-1097022
1478,-552446,-1088830
1479,-552446,-1080638
1480,-552446,-1072446
1481,-552446,-1064254
1482,-552446,-1056062
1483,-552446,-1047870
1484,-552446,-1039678
1485,-552446,-1031486
1486,-552446,-1023294
1487,-552446,-1015102
1488,-552446,-1006910
1489,-552446,-998718
1490,-552446,-990526
1491,-552446,-982334
1492,-552446,-974142
1493,-552446,-965950
1494,-552446,-957758
1495,-552446,-949566
1496,-552446,-941374
1497,-544254,-1211710
1498,-544254,-1203518
1499,-544254,-1195326
1500,-544254,-1187134
1501,-544254,-1178942
1502,-544254,-1170750
1503,-544254,-1162558
1504,-544254,-1154366
1505,-544254,-1146174
1506,-544254,-1137982
1507,-544254,-1129790
1508,-544254,-1121598
1509,-544254,-1113406
1510,-544254,-1105214
1511,-544254,-1097022
1512,-544254,-1088830
1513,-544254,-1080638
1514,-544254,-1072446
1515,-544254,-1064254
1516,-544254,-1056062
1517,-544254,-1047870
1518,-544254,-1039678
1519,-544254,-1031486
1520,-544254,-1023294
1521,-544254,-1015102
1522,-544254,-1006910
1523,-544254,-998718
1524,-544254,-990526
1525,-544254,-982334
1526,-544254,-974142
1527,-544254,-965950
1528,-544254,-957758
1529,-544254,-949566
1530,-544254,-941374
1531,-536062,-1211710
1532,-536062,-1203518
1533,-536062,-1195326
1534,-536062,-1187134
1535,-536062,-1178942
1536,-536062,-1170750
1537,-536062,-1162558
1538,-536062,-1154366
1539,-536062,-1146174
1540,-536062,-1137982
1541,-536062,-1129790
1542,-536062,-1121598
1543,-536062,-1113406
1544,-536062,-1105214
1545,-536062,-1097022
1546,-536062,-1088830
1547,-536062,-1080638
1548,-536062,-1072446
1549,-536062,-1064254
1550,-536062,-1056062
1551,-536062,-1047870
1552,-536062,-1039678
1553,-536062,-1031486
1554,-536062,-1023294
1555,-536062,-1015102
1556,-536062,-1006910
1557,-536062,-998718
1558,-536062,-990526
1559,-536062,-982334
1560,-536062,-974142
1561,-536062,-965950
1562,-536062,-957758
1563,-536062,-949566
1564,-536062,-941374
1565,-527870,-1211710
1566,-527870,-1203518
1567,-527870,-1195326
1568,-527870,-1187134
1569,-527870,-1178942
1570,-527870,-1170750
1571,-527870,-1162558
1572,-527870,-1154366
1573,-527870,-1146174
1574,-527870,-1137982
1575,-527870,-1129790
1576,-527870,-1121598
1577,-527870,-1113406
1578,-527870,-1105214
1579,-527870,-1097022
1580,-527870,-1088830
1581,-527870,-1080638
1582,-527870,-1072446
1583,-527870,-1064254
1584,-527870,-1056062
1585,-527870,-1047870
1586,-527870,-1039678
1587,-527870,-1031486
1588,-527870,-1023294
1589,-527870,-1015102
1590,-527870,-1006910
1591,-527870,-998718
1592,-527870,-990526
1593,-527870,-982334
1594,-527870,-974142
1595,-527870,-965950
1596,-527870,-957758
1597,-527870,-949566
1598,-527870,-941374
1599,-519678,-1211710
1600,-519678,-1203518
1601,-519678,-1195326
1602,-519678,-1187134
1603,-519678,-1178942
1604,-519678,-1170750
1605,-519678,-1162558
1606,-519678,-1154366
1607,-519678,-1146174
1608,-519678,-1137982
1609,-519678,-1129790
1610,-519678,-1121598
1611,-519678,-1113406
1612,-519678,-1105214
1613,-519678,-1097022
1614,-519678,-1088830
1615,-519678,-1080638
1616,-519678,-1072446
1617,-519678,-1064254
1618,-519678,-1056062
1619,-519678,-1047870
1620,-519678,-1039678
1621,-519678,-1031486
1622,-519678,-1023294
1623,-519678,-1015102
1624,-519678,-1006910
1625,-519678,-998718
1626,-519678,-990526
1627,-519678,-982334
1628,-519678,-974142
1629,-519678,-965950
1630,-519678,-957758
1631,-519678,-949566
1632,-519678,-941374
1633,-511486,-1211710
1634,-511486,-1203518
1635,-511486,-1195326
1636,-511486,-1187134
1637,-511486,-1178942
1638,-511486,-1170750
1639,-511486,-1162558
1640,-511486,-1154366
1641,-511486,-1146174
1642,-511486,-1137982
1643,-511486,-1129790
1644,-511486,-1121598
1645,-511486,-1113406
1646,-511486,-1105214
1647,-511486,-1097022
1648,-511486,-1088830
1649,-511486,-1080638
1650,-511486,-1072446
1651,-511486,-1064254
1652,-511486,-1056062
1653,-511486,-1047870
1654,-511486,-1039678
1655,-511486,-1031486
1656,-511486,-1023294
1657,-511486,-1015102
1658,-511486,-1006910
1659,-511486,-998718
1660,-511486,-990526
1661,-511486,-982334
1662,-511486,-974142
1663,-511486,-965950
1664,-511486,-957758
1665,-511486,-949566
1666,-511486,-941374
1667,-503294,-1211710
1668,-503294,-1203518
1669,-503294,-1195326
1670,-503294,-1187134
1671,-503294,-1178942
1672,-503294,-1170750
1673,-503294,-1162558
1674,-503294,-1154366
1675,-503294,-1146174
1676,-503294,-1137982
1677,-503294,-1129790
1678,-503294,-1121598
1679,-503294,-1113406
1680,-503294,-1105214
1681,-503294,-1097022
1682,-503294,-1088830
1683,-503294,-1080638
1684,-503294,-1072446
1685,-503294,-1064254
1686,-503294,-1056062
1687,-503294,-1047870
1688,-503294,-1039678
1689,-503294,-1031486
1690,-503294,-1023294
1691,-503294,-1015102
1692,-503294,-1006910
1693,-503294,-998718
1694,-503294,-990526
1695,-503294,-982334
1696,-503294,-974142
1697,-503294,-965950
1698,-503294,-957758
1699,-503294,-949566
1700,-503294,-941374
1701,-495102,-1211710
1702,-495102,-1203518
1703,-495102,-1195326
1704,-495102,-1187134
1705,-495102,-1178942
1706,-495102,-1170750
1707,-495102,-1162558
1708,-495102,-1154366
1709,-495102,-1146174
1710,-495102,-1137982
1711,-495102,-1129790
1712,-495102,-1121598
1713,-495102,-1113406
1714,-495102,-1105214
1715,-495102,-1097022
1716,-495102,-1088830
1717,-495102,-1080638
1718,-495102,-1072446
1719,-495102,-1064254
1720,-495102,-1056062
1721,-495102,-1047870
1722,-495102,-1039678
1723,-495102,-1031486
1724,-495102,-1023294
1725,-495102,-1015102
1726,-495102,-1006910
1727,-495102,-998718
1728,-495102,-990526
1729,-495102,-982334
1730,-495102,-974142
1731,-495102,-965950
1732,-495102,-957758
1733,-495102,-949566
1734,-495102,-941374
1735,-486910,-1211710
1736,-486910,-1203518
1737,-486910,-1195326
1738,-486910,-1187134
1739,-486910,-1178942
1740,-486910,-1170750
1741,-486910,-1162558
1742,-486910,-1154366
1743,-486910,-1146174
1744,-486910,-1137982
1745,-486910,-1129790
1746,-486910,-1121598
1747,-486910,-1113406
1748,-486910,-1105214
1749,-486910,-1097022
1750,-486910,-1088830
1751,-486910,-1080638
1752,-486910,-1072446
1753,-486910,-1064254
1754,-486910,-1056062
1755,-486910,-1047870
1756,-486910,-1039678
1757,-486910,-1031486
1758,-486910,-1023294
1759,-486910,-1015102
1760,-486910,-1006910
1761,-486910,-998718
1762,-486910,-990526
1763,-486910,-982334
1764,-486910,-974142
1765,-486910,-965950
1766,-486910,-957758
1767,-486910,-949566
1768,-486910,-941374
1769,-478718,-1211710
1770,-478718,-1203518
1771,-478718,-1195326
1772,-478718,-1187134
1773,-478718,-1178942
1774,-478718,-1170750
1775,-478718,-1162558
1776,-478718,-1154366
1777,-478718,-1146174
1778,-478718,-1137982
1779,-478718,-1129790
1780,-478718,-1121598
1781,-478718,-1113406
1782,-478718,-1105214
1783,-478718,-1097022
1784,-478718,-1088830
1785,-478718,-1080638
1786,-478718,-1072446
1787,-478718,-1064254
1788,-478718,-1056062
1789,-478718,-1047870
1790,-478718,-1039678
1791,-478718,-1031486
1792,-478718,-1023294
1793,-478718,-1015102
1794,-478718,-1006910
1795,-478718,-998718
1796,-478718,-990526
1797,-478718,-982334
1798,-478718,-974142
1799,-478718,-965950
1800,-478718,-957758
1801,-478718,-949566
1802,-478718,-941374
1803,-470526,-1211710
1804,-470526,-1203518
1805,-470526,-1195326
1806,-470526,-1187134
1807,-470526,-1178942
1808,-470526,-1170750
1809,-470526,-1162558
1810,-470526,-1154366
1811,-470526,-1146174
1812,-470526,-1137982
1813,-470526,-1129790
1814,-470526,-1121598
1815,-470526,-1113406
1816,-470526,-1105214
1817,-470526,-1097022
1818,-470526,-1088830
1819,-470526,-1080638
1820,-470526,-1072446
1821,-470526,-1064254
1822,-470526,-1056062
1823,-470526,-1047870
1824,-470526,-1039678
1825,-470526,-1031486
1826,-470526,-1023294
1827,-470526,-1015102
1828,-470526,-1006910
1829,-470526,-998718
1830,-470526,-990526
1831,-470526,-982334
1832,-470526,-974142
1833,-470526,-965950
1834,-470526,-957758
1835,-470526,-949566
1836,-470526,-941374
1837,-462334,-1211710
1838,-462334,-1203518
1839,-462334,-1195326
1840,-462334,-1187134
1841,-462334,-1178942
1842,-462334,-1170750
1843,-462334,-1162558
1844,-462334,-1154366
1845,-462334,-1146174
1846,-462334,-1137982
1847,-462334,-1129790
1848,-462334,-1121598
1849,-462334,-1113406
1850,-462334,-1105214
1851,-462334,-1097022
1852,-462334,-1088830
1853,-462334,-1080638
1854,-462334,-1072446
1855,-462334,-1064254
1856,-462334,-1056062
1857,-462334,-1047870
1858,-462334,-1039678
1859,-462334,-1031486
1860,-462334,-1023294
1861,-462334,-1015102
1862,-462334,-1006910
1863,-462334,-998718
1864,-462334,-990526
1865,-462334,-982334
1866,-462334,-974142
1867,-462334,-965950
1868,-462334,-957758
1869,-462334,-949566
1870,-462334,-941374
1871,-454142,-1211710
1872,-454142,-1203518
1873,-454142,-1195326
1874,-454142,-1187134
1875,-454142,-1178942
1876,-454142,-1170750
1877,-454142,-1162558
1878,-454142,-1154366
1879,-454142,-1146174
1880,-454142,-1137982
1881,-454142,-1129790
1882,-454142,-1121598
1883,-454142,-1113406
1884,-454142,-1105214
1885,-454142,-1097022
1886,-454142,-1088830
1887,-454142,-1080638
1888,-454142,-1072446
1889,-454142,-1064254
1890,-454142,-1056062
1891,-454142,-1047870
1892,-454142,-1039678
1893,-454142,-1031486
1894,-454142,-1023294
1895,-454142,-1015102
1896,-454142,-1006910
1897,-454142,-998718
1898,-454142,-990526
1899,-454142,-982334
1900,-454142,-974142
1901,-454142,-965950
1902,-454142,-957758
1903,-454142,-949566
1904,-454142,-941374
1905,-445950,-1211710
1906,-445950,-1203518
1907,-445950,-1195326
1908,-445950,-1187134
1909,-445950,-1178942
1910,-445950,-1170750
1911,-445950,-1162558
1912,-445950,-1154366
1913,-445950,-1146174
1914,-445950,-1137982
1915,-445950,-1129790
1916,-445950,-1121598
1917,-445950,-1113406
1918,-445950,-1105214
1919,-445950,-1097022
1920,-445950,-1088830
1921,-445950,-1080638
1922,-445950,-1072446
1923,-445950,-1064254
1924,-445950,-1056062
1925,-445950,-1047870
1926,-445950,-1039678
1927,-445950,-1031486
1928,-445950,-1023294
1929,-445950,-1015102
1930,-445950,-1006910
1931,-445950,-998718
1932,-445950,-990526
1933,-445950,-982334
1934,-445950,-974142
1935,-445950,-965950
1936,-445950,-957758
1937,-445950,-949566
1938,-445950,-941374
1939,-437758,-1211710
1940,-437758,-1203518
1941,-437758,-1195326
1942,-437758,-1187134
1943,-437758,-1178942
1944,-437758,-1170750
1945,-437758,-1162558
1946,-437758,-1154366
1947,-437758,-1146174
1948,-437758,-1137982
1949,-437758,-1129790
1950,-437758,-1121598
1951,-437758,-1113406
1952,-437758,-1105214
1953,-437758,-1097022
1954,-437758,-1088830
1955,-437758,-1080638
1956,-437758,-1072446
1957,-437758,-1064254
1958,-437758,-1056062
1959,-437758,-1047870
1960,-437758,-1039678
1961,-437758,-1031486
1962,-437758,-1023294
1963,-437758,-1015102
1964,-437758,-1006910
1965,-437758,-998718
1966,-437758,-990526
1967,-437758,-982334
1968,-437758,-974142
1969,-437758,-965950
1970,-437758,-957758
1971,-437758,-949566
1972,-437758,-941374
1973,-429566,-1211710
1974,-429566,-1203518
1975,-429566,-1195326
1976,-429566,-1187134
1977,-429566,-1178942
1978,-429566,-1170750
1979,-429566,-1162558
1980,-429566,-1154366
1981,-429566,-1146174
1982,-429566,-1137982
1983,-429566,-1129790
1984,-429566,-1121598
1985,-429566,-1113406
1986,-429566,-1105214
1987,-429566,-1097022
1988,-429566,-1088830
1989,-429566,-1080638
1990,-429566,-1072446
1991,-429566,-1064254
1992,-429566,-1056062
1993,-429566,-1047870
1994,-429566,-1039678
1995,-429566,-1031486
1996,-429566,-1023294
1997,-429566,-1015102
1998,-429566,-1006910
1999,-429566,-998718
2000,-429566,-990526
2001,-429566,-982334
2002,-429566,-974142
2003,-429566,-965950
2004,-429566,-957758
2005,-429566,-949566
2006,-429566,-941374
2007,-421374,-1211710
2008,-421374,-1203518
2009,-421374,-1195326
2010,-421374,-1187134
2011,-421374,-1178942
2012,-421374,-1170750
2013,-421374,-1162558
2014,-421374,-1154366
2015,-421374,-1146174
2016,-421374,-1137982
2017,-421374,-1129790
2018,-421374,-1121598
2019,-421374,-1113406
2020,-421374,-1105214
2021,-421374,-1097022
2022,-421374,-1088830
2023,-421374,-1080638
2024,-421374,-1072446
2025,-421374,-1064254
2026,-421374,-1056062
2027,-421374,-1047870
2028,-421374,-1039678
2029,-421374,-1031486
2030,-421374,-1023294
2031,-421374,-1015102
2032,-421374,-1006910
2033,-421374,-998718
2034,-421374,-990526
2035,-421374,-982334
2036,-421374,-974142
2037,-421374,-965950
2038,-421374,-957758
2039,-421374,-949566
2040,-421374,-941374
2041,-413182,-1211710
2042,-413182,-1203518
2043,-413182,-1195326
2044,-413182,-1187134
2045,-413182,-1178942
2046,-413182,-1170750
2047,-413182,-1162558
2048,-413182,-1154366
2049,-413182,-1146174
2050,-413182,-1137982
2051,-413182,-1129790
2052,-413182,-1121598
2053,-413182,-1113406
2054,-413182,-1105214
2055,-413182,-1097022
2056,-413182,-1088830
2057,-413182,-1080638
2058,-413182,-1072446
2059,-413182,-1064254
2060,-413182,-1056062
2061,-413182,-1047870
2062,-413182,-1039678
2063,-413182,-1031486
2064,-413182,-1023294
2065,-413182,-1015102
2066,-413182,-1006910
2067,-413182,-998718
2068,-413182,-990526
2069,-413182,-982334
2070,-413182,-974142
2071,-413182,-965950
2072,-413182,-957758
2073,-413182,-949566
2074,-413182,-941374
2075,-404990,-1211710
2076,-404990,-1203518
2077,-404990,-1195326
2078,-404990,-1187134
2079,-404990,-1178942
2080,-404990,-1170750
2081,-404990,-1162558
2082,-404990,-1154366
2083,-404990,-1146174
2084,-404990,-1137982
2085,-404990,-1129790
2086,-404990,-1121598
2087,-404990,-1113406
2088,-404990,-1105214
2089,-404990,-1097022
2090,-404990,-1088830
2091,-404990,-1080638
2092,-404990,-1072446
2093,-404990,-1064254
2094,-404990,-1056062
2095,-404990,-1047870
2096,-404990,-1039678
2097,-404990,-1031486
2098,-404990,-1023294
2099,-404990,-1015102
2100,-404990,-1006910
2101,-404990,-998718
2102,-404990,-990526
2103,-404990,-982334
2104,-404990,-974142
2105,-404990,-965950
2106,-404990,-957758
2107,-404990,-949566
2108,-404990,-941374
2109,-396798,-1211710
2110,-396798,-1203518
2111,-396798,-1195326
2112,-396798,-1187134
2113,-396798,-1178942
2114,-396798,-1170750
2115,-396798,-1162558
2116,-396798,-1154366
2117,-396798,-1146174
2118,-396798,-1137982
2119,-396798,-1129790
2120,-396798,-1121598
2121,-396798,-1113406
2122,-396798,-1105214
2123,-396798,-1097022
2124,-396798,-1088830
2125,-396798,-1080638
2126,-396798,-1072446
2127,-396798,-1064254
2128,-396798,-1056062
2129,-396798,-1047870
2130,-396798,-1039678
2131,-396798,-1031486
2132,-396798,-1023294
2133,-396798,-1015102
2134,-396798,-1006910
2135,-396798,-998718
2136,-396798,-990526
2137,-396798,-982334
2138,-396798,-974142
2139,-396798,-965950
2140,-396798,-957758
2141,-396798,-949566
2142,-396798,-941374
2143,-388606,-1211710
2144,-388606,-1203518
2145,-388606,-1195326
2146,-388606,-1187134
2147,-388606,-1178942
2148,-388606,-1170750
2149,-388606,-1162558
2150,-388606,-1154366
2151,-388606,-1146174
2152,-388606,-1137982
2153,-388606,-1129790
2154,-388606,-1121598
2155,-388606,-1113406
2156,-388606,-1105214
2157,-388606,-1097022
2158,-388606,-1088830
2159,-388606,-1080638
2160,-388606,-1072446
2161,-388606,-1064254
2162,-388606,-1056062
2163,-388606,-1047870
2164,-388606,-1039678
2165,-388606,-1031486
2166,-388606,-1023294
2167,-388606,-1015102
2168,-388606,-1006910
2169,-388606,-998718
2170,-388606,-990526
2171,-388606,-982334
2172,-388606,-974142
2173,-388606,-965950
2174,-388606,-957758
2175,-388606,-949566
2176,-388606,-941374
2177,-380414,-1211710
2178,-380414,-1203518
2179,-380414,-1195326
2180,-380414,-1187134
2181,-380414,-1178942
2182,-380414,-1170750
2183,-380414,-1162558
2184,-380414,-1154366
2185,-380414,-1146174
2186,-380414,-1137982
2187,-380414,-1129790
2188,-380414,-1121598
2189,-380414,-1113406
2190,-380414,-1105214
2191,-380414,-1097022
2192,-380414,-1088830
2193,-380414,-1080638
2194,-380414,-1072446
2195,-380414,-1064254
2196,-380414,-1056062
2197,-380414,-1047870
2198,-380414,-1039678
2199,-380414,-1031486
2200,-380414,-1023294
2201,-380414,-1015102
2202,-380414,-1006910
2203,-380414,-998718
2204,-380414,-990526
2205,-380414,-982334
2206,-380414,-974142
2207,-380414,-965950
2208,-380414,-957758
2209,-380414,-949566
2210,-380414,-941374
2211,-372222,-1211710
2212,-372222,-1203518
2213,-372222,-1195326
2214,-372222,-1187134
2215,-372222,-1178942
2216,-372222,-1170750
2217,-372222,-1162558
2218,-372222,-1154366
2219,-372222,-1146174
2220,-372222,-1137982
2221,-372222,-1129790
2222,-372222,-1121598
2223,-372222,-1113406
2224,-372222,-1105214
2225,-372222,-1097022
2226,-372222,-1088830
2227,-372222,-1080638
2228,-372222,-1072446
2229,-372222,-1064254
2230,-372222,-1056062
2231,-372222,-1047870
2232,-372222,-1039678
2233,-372222,-1031486
2234,-372222,-1023294
2235,-372222,-1015102
2236,-372222,-1006910
2237,-372222,-998718
2238,-372222,-990526
2239,-372222,-982334
2240,-372222,-974142
2241,-372222,-965950
2242,-372222,-957758
2243,-372222,-949566
2244,-372222,-941374
2245,-364030,-1211710
2246,-364030,-1203518
2247,-364030,-1195326
2248,-364030,-1187134
2249,-364030,-1178942
2250,-364030,-1170750
2251,-364030,-1162558
2252,-364030,-1154366
2253,-364030,-1146174
2254,-364030,-1137982
2255,-364030,-1129790
2256,-364030,-1121598
2257,-364030,-1113406
2258,-364030,-1105214
2259,-364030,-1097022
2260,-364030,-1088830
2261,-364030,-1080638
2262,-364030,-1072446
2263,-364030,-1064254
2264,-364030,-1056062
2265,-364030,-1047870
2266,-364030,-1039678
2267,-364030,-1031486
2268,-364030,-1023294
2269,-364030,-1015102
2270,-364030,-1006910
2271,-364030,-998718
2272,-364030,-990526
2273,-364030,-982334
2274,-364030,-974142
2275,-364030,-965950
2276,-364030,-957758
2277,-364030,-949566
2278,-364030,-941374
2279,-355838,-1211710
2280,-355838,-1203518
2281,-355838,-1195326
2282,-355838,-1187134
2283,-355838,-1178942
2284,-355838,-1170750
2285,-355838,-1162558
2286,-355838,-1154366
2287,-355838,-1146174
2288,-355838,-1137982
2289,-355838,-1129790
2290,-355838,-1121598
2291,-355838,-1113406
2292,-355838,-1105214
2293,-355838,-1097022
2294,-355838,-1088830
2295,-355838,-1080638
2296,-355838,-1072446
2297,-355838,-1064254
2298,-355838,-1056062
2299,-355838,-1047870
2300,-355838,-1039678
2301,-355838,-1031486
2302,-355838,-1023294
2303,-355838,-1015102
2304,-355838,-1006910
2305,-355838,-998718
2306,-355838,-990526
2307,-355838,-982334
2308,-355838,-974142
2309,-355838,-965950
2310,-355838,-957758
2311,-355838,-949566
2312,-355838,-941374
2313,-347646,-1211710
2314,-347646,-1203518
2315,-347646,-1195326
2316,-347646,-1187134
2317,-347646,-1178942
2318,-347646,-1170750
2319,-347646,-1162558
2320,-347646,-1154366
2321,-347646,-1146174
2322,-347646,-1137982
2323,-347646,-1129790
2324,-347646,-1121598
2325,-347646,-1113406
2326,-347646,-1105214
2327,-347646,-1097022
2328,-347646,-1088830
2329,-347646,-1080638
2330,-347646,-1072446
2331,-347646,-1064254
2332,-347646,-1056062
2333,-347646,-1047870
2334,-347646,-1039678
2335,-347646,-1031486
2336,-347646,-1023294
2337,-347646,-1015102
2338,-347646,-1006910
2339,-347646,-998718
2340,-347646,-990526
2341,-347646,-982334
2342,-347646,-974142
2343,-347646,-965950
2344,-347646,-957758
2345,-347646,-949566
2346,-347646,-941374
2347,-339454,-1211710
2348,-339454,-1203518
2349,-339454,-1195326
2350,-339454,-1187134
2351,-339454,-1178942
2352,-339454,-1170750
2353,-339454,-1162558
2354,-339454,-1154366
2355,-339454,-1146174
2356,-339454,-1137982
2357,-339454,-1129790
2358,-339454,-1121598
2359,-339454,-1113406
2360,-339454,-1105214
2361,-339454,-1097022
2362,-339454,-1088830
2363,-339454,-1080638
2364,-339454,-1072446
2365,-339454,-1064254
2366,-339454,-1056062
2367,-339454,-1047870
2368,-339454,-1039678
2369,-339454,-1031486
2370,-339454,-1023294
2371,-339454,-1015102
2372,-339454,-1006910
2373,-339454,-998718
2374,-339454,-990526
2375,-339454,-982334
2376,-339454,-974142
2377,-339454,-965950
2378,-339454,-957758
2379,-339454,-949566
2380,-339454,-941374
2381,-331262,-1211710
2382,-331262,-1203518
2383,-331262,-1195326
2384,-331262,-1187134
2385,-331262,-1178942
2386,-331262,-1170750
2387,-331262,-1162558
2388,-331262,-1154366
2389,-331262,-1146174
2390,-331262,-1137982
2391,-331262,-1129790
2392,-331262,-1121598
2393,-331262,-1113406
2394,-331262,-1105214
2395,-331262,-1097022
2396,-331262,-1088830
2397,-331262,-1080638
2398,-331262,-1072446
2399,-331262,-1064254
2400,-331262,-1056062
2401,-331262,-1047870
2402,-331262,-1039678
2403,-331262,-1031486
2404,-331262,-1023294
2405,-331262,-1015102
2406,-331262,-1006910
2407,-331262,-998718
2408,-331262,-990526
2409,-331262,-982334
2410,-331262,-974142
2411,-331262,-965950
2412,-331262,-957758
2413,-331262,-949566
2414,-331262,-941374
2415,-323070,-1211710
2416,-323070,-1203518
2417,-323070,-1195326
2418,-323070,-1187134
2419,-323070,-1178942
2420,-323070,-1170750
2421,-323070,-1162558
2422,-323070,-1154366
2423,-323070,-1146174
2424,-323070,-1137982
2425,-323070,-1129790
2426,-323070,-1121598
2427,-323070,-1113406
2428,-323070,-1105214
2429,-323070,-1097022
2430,-323070,-1088830
2431,-323070,-1080638
2432,-323070,-1072446
2433,-323070,-1064254
2434,-323070,-1056062
2435,-323070,-1047870
2436,-323070,-1039678
2437,-323070,-1031486
2438,-323070,-1023294
2439,-323070,-1015102
2440,-323070,-1006910
2441,-323070,-998718
2442,-323070,-990526
2443,-323070,-982334
2444,-323070,-974142
2445,-323070,-965950
2446,-323070,-957758
2447,-323070,-949566
2448,-323070,-941374
2449,-314878,-1211710
2450,-314878,-1203518
2451,-314878,-1195326
2452,-314878,-1187134
2453,-314878,-1178942
2454,-314878,-1170750
2455,-314878,-1162558
2456,-314878,-1154366
2457,-314878,-1146174
2458,-314878,-1137982
2459,-314878,-1129790
2460,-314878,-1121598
2461,-314878,-1113406
2462,-314878,-1105214
2463,-314878,-1097022
2464,-314878,-1088830
2465,-314878,-1080638
2466,-314878,-1072446
2467,-314878,-1064254
2468,-314878,-1056062
2469,-314878,-1047870
2470,-314878,-1039678
2471,-314878,-1031486
2472,-314878,-1023294
2473,-314878,-1015102
2474,-314878,-1006910
2475,-314878,-998718
2476,-314878,-990526
2477,-314878,-982334
2478,-314878,-974142
2479,-314878,-965950
2480,-314878,-957758
2481,-314878,-949566
2482,-314878,-941374
2483,-306686,-1211710
2484,-306686,-1203518
2485,-306686,-1195326
2486,-306686,-1187134
2487,-306686,-1178942
2488,-306686,-1170750
2489,-306686,-1162558
2490,-306686,-1154366
2491,-306686,-1146174
2492,-306686,-1137982
2493,-306686,-1129790
2494,-306686,-1121598
2495,-306686,-1113406
2496,-306686,-1105214
2497,-306686,-1097022
2498,-306686,-1088830
2499,-306686,-1080638
2500,-306686,-1072446
2501,-306686,-1064254
2502,-306686,-1056062
2503,-306686,-1047870
2504,-306686,-1039678
2505,-306686,-1031486
2506,-306686,-1023294
2507,-306686,-1015102
2508,-306686,-1006910
2509,-306686,-998718
2510,-306686,-990526
2511,-306686,-982334
2512,-306686,-974142
2513,-306686,-965950
2514,-306686,-957758
2515,-306686,-949566
2516,-306686,-941374
2517,-298494,-1211710
2518,-298494,-1203518
2519,-298494,-1195326
2520,-298494,-1187134
2521,-298494,-1178942
2522,-298494,-1170750
2523,-298494,-1162558
2524,-298494,-1154366
2525,-298494,-1146174
2526,-298494,-1137982
2527,-298494,-1129790
2528,-298494,-1121598
2529,-298494,-1113406
2530,-298494,-1105214
2531,-298494,-1097022
2532,-298494,-1088830
2533,-298494,-1080638
2534,-298494,-1072446
2535,-298494,-1064254
2536,-298494,-1056062
2537,-298494,-1047870
2538,-298494,-1039678
2539,-298494,-1031486
2540,-298494,-1023294
2541,-298494,-1015102
2542,-298494,-1006910
2543,-298494,-998718
2544,-298494,-990526
2545,-298494,-982334
2546,-298494,-974142
2547,-298494,-965950
2548,-298494,-957758
2549,-298494,-949566
2550,-298494,-941374
2551,-290302,-1211710
2552,-290302,-1203518
2553,-290302,-1195326
2554,-290302,-1187134
2555,-290302,-1178942
2556,-290302,-1170750
2557,-290302,-1162558
2558,-290302,-1154366
2559,-290302,-1146174
2560,-290302,-1137982
2561,-290302,-1129790
2562,-290302,-1121598
2563,-290302,-1113406
2564,-290302,-1105214
2565,-290302,-1097022
2566,-290302,-1088830
2567,-290302,-1080638
2568,-290302,-1072446
2569,-290302,-1064254
2570,-290302,-1056062
2571,-290302,-1047870
2572,-290302,-1039678
2573,-290302,-1031486
2574,-290302,-1023294
2575,-290302,-1015102
2576,-290302,-1006910
2577,-290302,-998718
2578,-290302,-990526
2579,-290302,-982334
2580,-290302,-974142
2581,-290302,-965950
2582,-290302,-957758
2583,-290302,-949566
2584,-290302,-941374
2585,-282110,-1211710
2586,-282110,-1203518
2587,-282110,-1195326
2588,-282110,-1187134
2589,-282110,-1178942
2590,-282110,-1170750
2591,-282110,-1162558
2592,-282110,-1154366
2593,-282110,-1146174
2594,-282110,-1137982
2595,-282110,-1129790
2596,-282110,-1121598
2597,-282110,-1113406
2598,-282110,-1105214
2599,-282110,-1097022
2600,-282110,-1088830
2601,-282110,-1080638
2602,-282110,-1072446
2603,-282110,-1064254
2604,-282110,-1056062
2605,-282110,-1047870
2606,-282110,-1039678
2607,-282110,-1031486
2608,-282110,-1023294
2609,-282110,-1015102
2610,-282110,-1006910
2611,-282110,-998718
2612,-282110,-990526
2613,-282110,-982334
2614,-282110,-974142
2615,-282110,-965950
2616,-282110,-957758
2617,-282110,-949566
2618,-282110,-941374
2619,-273918,-1211710
2620,-273918,-1203518
2621,-273918,-1195326
2622,-273918,-1187134
2623,-273918,-1178942
2624,-273918,-1170750
2625,-273918,-1162558
2626,-273918,-1154366
2627,-273918,-1146174
2628,-273918,-1137982
2629,-273918,-1129790
2630,-273918,-1121598
2631,-273918,-1113406
2632,-273918,-1105214
2633,-273918,-1097022
2634,-273918,-1088830
2635,-273918,-1080638
2636,-273918,-1072446
2637,-273918,-1064254
2638,-273918,-1056062
2639,-273918,-1047870
2640,-273918,-1039678
2641,-273918,-1031486
2642,-273918,-1023294
2643,-273918,-1015102
2644,-273918,-1006910
2645,-273918,-998718
2646,-273918,-990526
2647,-273918,-982334
2648,-273918,-974142
2649,-273918,-965950
2650,-273918,-957758
2651,-273918,-949566
2652,-273918,-941374
2653,-265726,-1211710
2654,-265726,-1203518
2655,-265726,-1195326
2656,-265726,-1187134
2657,-265726,-1178942
2658,-265726,-1170750
2659,-265726,-1162558
2660,-265726,-1154366
2661,-265726,-1146174
2662,-265726,-1137982
2663,-265726,-1129790
2664,-265726,-1121598
2665,-265726,-1113406
2666,-265726,-1105214
2667,-265726,-1097022
2668,-265726,-1088830
2669,-265726,-1080638
2670,-265726,-1072446
2671,-265726,-1064254
2672,-265726,-1056062
2673,-265726,-1047870
2674,-265726,-1039678
2675,-265726,-1031486
2676,-265726,-1023294
2677,-265726,-1015102
2678,-265726,-1006910
2679,-265726,-998718
2680,-265726,-990526
2681,-265726,-982334
2682,-265726,-974142
2683,-265726,-965950
2684,-265726,-957758
2685,-265726,-949566
2686,-265726,-941374
2687,-257534,-1211710
2688,-257534,-1203518
2689,-257534,-1195326
2690,-257534,-1187134
2691,-257534,-1178942
2692,-257534,-1170750
2693,-257534,-1162558
2694,-257534,-1154366
2695,-257534,-1146174
2696,-257534,-1137982
2697,-257534,-1129790
2698,-257534,-1121598
2699,-257534,-1113406
2700,-257534,-1105214
2701,-257534,-1097022
2702,-257534,-1088830
2703,-257534,-1080638
2704,-257534,-1072446
2705,-257534,-1064254
2706,-257534,-1056062
2707,-257534,-1047870
2708,-257534,-1039678
2709,-257534,-1031486
2710,-257534,-1023294
2711,-257534,-1015102
2712,-257534,-1006910
2713,-257534,-998718
2714,-257534,-990526
2715,-257534,-982334
2716,-257534,-974142
2717,-257534,-965950
2718,-257534,-957758
2719,-257534,-949566
2720,-257534,-941374
2721,-249342,-1211710
2722,-249342,-1203518
2723,-249342,-1195326
2724,-249342,-1187134
2725,-249342,-1178942
2726,-249342,-1170750
2727,-249342,-1162558
2728,-249342,-1154366
2729,-249342,-1146174
2730,-249342,-1137982
2731,-249342,-1129790
2732,-249342,-1121598
2733,-249342,-1113406
2734,-249342,-1105214
2735,-249342,-1097022
2736,-249342,-1088830
2737,-249342,-1080638
2738,-249342,-1072446
2739,-249342,-1064254
2740,-249342,-1056062
2741,-249342,-1047870
2742,-249342,-1039678
2743,-249342,-1031486
2744,-249342,-1023294
2745,-249342,-1015102
2746,-249342,-1006910
2747,-249342,-998718
2748,-249342,-990526
2749,-249342,-982334
2750,-249342,-974142
2751,-249342,-965950
2752,-249342,-957758
2753,-249342,-949566
2754,-249342,-941374
2755,-241150,-1211710
2756,-241150,-1203518
2757,-241150,-1195326
2758,-241150,-1187134
2759,-241150,-1178942
2760,-241150,-1170750
2761,-241150,-1162558
2762,-241150,-1154366
2763,-241150,-1146174
2764,-241150,-1137982
2765,-241150,-1129790
2766,-241150,-1121598
2767,-241150,-1113406
2768,-241150,-1105214
2769,-241150,-1097022
2770,-241150,-1088830
2771,-241150,-1080638
2772,-241150,-1072446
2773,-241150,-1064254
2774,-241150,-1056062
2775,-241150,-1047870
2776,-241150,-1039678
2777,-241150,-1031486
2778,-241150,-1023294
2779,-241150,-1015102
2780,-241150,-1006910
2781,-241150,-998718
2782,-241150,-990526
2783,-241150,-982334
2784,-241150,-974142
2785,-241150,-965950
2786,-241150,-957758
2787,-241150,-949566
2788,-241150,-941374
2789,-232958,-1211710
2790,-232958,-1203518
2791,-232958,-1195326
2792,-232958,-1187134
2793,-232958,-1178942
2794,-232958,-1170750
2795,-232958,-1162558
2796,-232958,-1154366
2797,-232958,-1146174
2798,-232958,-1137982
2799,-232958,-1129790
2800,-232958,-1121598
2801,-232958,-1113406
2802,-232958,-1105214
2803,-232958,-1097022
2804,-232958,-1088830
2805,-232958,-1080638
2806,-232958,-1072446
2807,-232958,-1064254
2808,-232958,-1056062
2809,-232958,-1047870
2810,-232958,-1039678
2811,-232958,-1031486
2812,-232958,-1023294
2813,-232958,-1015102
2814,-232958,-1006910
2815,-232958,-998718
2816,-232958,-990526
2817,-232958,-982334
2818,-232958,-974142
2819,-232958,-965950
2820,-232958,-957758
2821,-232958,-949566
2822,-232958,-941374
2823,-224766,-1211710
2824,-224766,-1203518
2825,-224766,-1195326
2826,-224766,-1187134
2827,-224766,-1178942
2828,-224766,-1170750
2829,-224766,-1162558
2830,-224766,-1154366
2831,-224766,-1146174
2832,-224766,-1137982
2833,-224766,-1129790
2834,-224766,-1121598
2835,-224766,-1113406
2836,-224766,-1105214
2837,-224766,-1097022
2838,-224766,-1088830
2839,-224766,-1080638
2840,-224766,-1072446
2841,-224766,-1064254
2842,-224766,-1056062
2843,-224766,-1047870
2844,-224766,-1039678
2845,-224766,-1031486
2846,-224766,-1023294
2847,-224766,-1015102
2848,-224766,-1006910
2849,-224766,-998718
2850,-224766,-990526
2851,-224766,-982334
2852,-224766,-974142
2853,-224766,-965950
2854,-224766,-957758
2855,-224766,-949566
2856,-224766,-941374
2857,-216574,-1211710
2858,-216574,-1203518
2859,-216574,-1195326
2860,-216574,-1187134
2861,-216574,-1178942
2862,-216574,-1170750
2863,-216574,-1162558
2864,-216574,-1154366
2865,-216574,-1146174
2866,-216574,-1137982
2867,-216574,-1129790
2868,-216574,-1121598
2869,-216574,-1113406
2870,-216574,-1105214
2871,-216574,-1097022
2872,-216574,-1088830
2873,-216574,-1080638
2874,-216574,-1072446
2875,-216574,-1064254
2876,-216574,-1056062
2877,-216574,-1047870
2878,-216574,-1039678
2879,-216574,-1031486
2880,-216574,-1023294
2881,-216574,-1015102
2882,-216574,-1006910
2883,-216574,-998718
2884,-216574,-990526
2885,-216574,-982334
2886,-216574,-974142
2887,-216574,-965950
2888,-216574,-957758
2889,-216574,-949566
2890,-216574,-941374
2891,-208382,-1211710
2892,-208382,-1203518
2893,-208382,-1195326
2894,-208382,-1187134
2895,-208382,-1178942
2896,-208382,-1170750
2897,-208382,-1162558
2898,-208382,-1154366
2899,-208382,-1146174
2900,-208382,-1137982
2901,-208382,-1129790
2902,-208382,-1121598
2903,-208382,-1113406
2904,-208382,-1105214
2905,-208382,-1097022
2906,-208382,-1088830
2907,-208382,-1080638
2908,-208382,-1072446
2909,-208382,-1064254
2910,-208382,-1056062
2911,-208382,-1047870
2912,-208382,-1039678
2913,-208382,-1031486
2914,-208382,-1023294
2915,-208382,-1015102
2916,-208382,-1006910
2917,-208382,-998718
2918,-208382,-990526
2919,-208382,-982334
2920,-208382,-974142
2921,-208382,-965950
2922,-208382,-957758
2923,-208382,-949566
2924,-208382,-941374
2925,-200190,-1211710
2926,-200190,-1203518
2927,-200190,-1195326
2928,-200190,-1187134
2929,-200190,-1178942
2930,-200190,-1170750
2931,-200190,-1162558
2932,-200190,-1154366
2933,-200190,-1146174
2934,-200190,-1137982
2935,-200190,-1129790
2936,-200190,-1121598
2937,-200190,-1113406
2938,-200190,-1105214
2939,-200190,-1097022
2940,-200190,-1088830
2941,-200190,-1080638
2942,-200190,-1072446
2943,-200190,-1064254
2944,-200190,-1056062
2945,-200190,-1047870
2946,-200190,-1039678
2947,-200190,-1031486
2948,-200190,-1023294
2949,-200190,-1015102
2950,-200190,-1006910
2951,-200190,-998718
2952,-200190,-990526
2953,-200190,-982334
2954,-200190,-974142
2955,-200190,-965950
2956,-200190,-957758
2957,-200190,-949566
2958,-200190,-941374
2959,-191998,-1211710
2960,-191998,-1203518
2961,-191998,-1195326
2962,-191998,-1187134
2963,-191998,-1178942
2964,-191998,-1170750
2965,-191998,-1162558
2966,-191998,-1154366
2967,-191998,-1146174
2968,-191998,-1137982
2969,-191998,-1129790
2970,-191998,-1121598
2971,-191998,-1113406
2972,-191998,-1105214
2973,-191998,-1097022
2974,-191998,-1088830
2975,-191998,-1080638
2976,-191998,-1072446
2977,-191998,-1064254
2978,-191998,-1056062
2979,-191998,-1047870
2980,-191998,-1039678
2981,-191998,-1031486
2982,-191998,-1023294
2983,-191998,-1015102
2984,-191998,-1006910
2985,-191998,-998718
2986,-191998,-990526
2987,-191998,-982334
2988,-191998,-974142
2989,-191998,-965950
2990,-191998,-957758
2991,-191998,-949566
2992,-191998,-941374
2993,-183806,-1211710
2994,-183806,-1203518
2995,-183806,-1195326
2996,-183806,-1187134
2997,-183806,-1178942
2998,-183806,-1170750
2999,-183806,-1162558
3000,-183806,-1154366
3001,-183806,-1146174
3002,-183806,-1137982
3003,-183806,-1129790
3004,-183806,-1121598
3005,-183806,-1113406
3006,-183806,-1105214
3007,-183806,-1097022
3008,-183806,-1088830
3009,-183806,-1080638
3010,-183806,-1072446
3011,-183806,-1064254
3012,-183806,-1056062
3013,-183806,-1047870
3014,-183806,-1039678
3015,-183806,-1031486
3016,-183806,-1023294
3017,-183806,-1015102
3018,-183806,-1006910
3019,-183806,-998718
3020,-183806,-990526
3021,-183806,-982334
3022,-183806,-974142
3023,-183806,-965950
3024,-183806,-957758
3025,-183806,-949566
3026,-183806,-941374
3027,-175614,-1211710
3028,-175614,-1203518
3029,-175614,-1195326
3030,-175614,-1187134
3031,-175614,-1178942
3032,-175614,-1170750
3033,-175614,-1162558
3034,-175614,-1154366
3035,-175614,-1146174
3036,-175614,-1137982
3037,-175614,-1129790
3038,-175614,-1121598
3039,-175614,-1113406
3040,-175614,-1105214
3041,-175614,-1097022
3042,-175614,-1088830
3043,-175614,-1080638
3044,-175614,-1072446
3045,-175614,-1064254
3046,-175614,-1056062
3047,-175614,-1047870
3048,-175614,-1039678
3049,-175614,-1031486
3050,-175614,-1023294
3051,-175614,-1015102
3052,-175614,-1006910
3053,-175614,-998718
3054,-175614,-990526
3055,-175614,-982334
3056,-175614,-974142
3057,-175614,-965950
3058,-175614,-957758
3059,-175614,-949566
3060,-175614,-941374
3061,-167422,-1211710
3062,-167422,-1203518
3063,-167422,-1195326
3064,-167422,-1187134
3065,-167422,-1178942
3066,-167422,-1170750
3067,-167422,-1162558
3068,-167422,-1154366
3069,-167422,-1146174
3070,-167422,-1137982
3071,-167422,-1129790
3072,-167422,-1121598
3073,-167422,-1113406
3074,-167422,-1105214
3075,-167422,-1097022
3076,-167422,-1088830
3077,-167422,-1080638
3078,-167422,-1072446
3079,-167422,-1064254
3080,-167422,-1056062
3081,-167422,-1047870
3082,-167422,-1039678
3083,-167422,-1031486
3084,-167422,-1023294
3085,-167422,-1015102
3086,-167422,-1006910
3087,-167422,-998718
3088,-167422,-990526
3089,-167422,-982334
3090,-167422,-974142
3091,-167422,-965950
3092,-167422,-957758
3093,-167422,-949566
3094,-167422,-941374
3095,-159230,-1211710
3096,-159230,-1203518
3097,-159230,-1195326
3098,-159230,-1187134
3099,-159230,-1178942
3100,-159230,-1170750
3101,-159230,-1162558
3102,-159230,-1154366
3103,-159230,-1146174
3104,-159230,-1137982
3105,-159230,-1129790
3106,-159230,-1121598
3107,-159230,-1113406
3108,-159230,-1105214
3109,-159230,-1097022
3110,-159230,-1088830
3111,-159230,-1080638
3112,-159230,-1072446
3113,-159230,-1064254
3114,-159230,-1056062
3115,-159230,-1047870
3116,-159230,-1039678
3117,-159230,-1031486
3118,-159230,-1023294
3119,-159230,-1015102
3120,-159230,-1006910
3121,-159230,-998718
3122,-159230,-990526
3123,-159230,-982334
3124,-159230,-974142
3125,-159230,-965950
3126,-159230,-957758
3127,-159230,-949566
3128,-159230,-941374
3129,-151038,-1211710
3130,-151038,-1203518
3131,-151038,-1195326
3132,-151038,-1187134
3133,-151038,-1178942
3134,-151038,-1170750
3135,-151038,-1162558
3136,-151038,-1154366
3137,-151038,-1146174
3138,-151038,-1137982
3139,-151038,-1129790
3140,-151038,-1121598
3141,-151038,-1113406
3142,-151038,-1105214
3143,-151038,-1097022
3144,-151038,-1088830
3145,-151038,-1080638
3146,-151038,-1072446
3147,-151038,-1064254
3148,-151038,-1056062
3149,-151038,-1047870
3150,-151038,-1039678
3151,-151038,-1031486
3152,-151038,-1023294
3153,-151038,-1015102
3154,-151038,-1006910
3155,-151038,-998718
3156,-151038,-990526
3157,-151038,-982334
3158,-151038,-974142
3159,-151038,-965950
3160,-151038,-957758
3161,-151038,-949566
3162,-151038,-941374
3163,-142846,-1211710
3164,-142846,-1203518
3165,-142846,-1195326
3166,-142846,-1187134
3167,-142846,-1178942
3168,-142846,-1170750
3169,-142846,-1162558
3170,-142846,-1154366
3171,-142846,-1146174
3172,-142846,-1137982
3173,-142846,-1129790
3174,-142846,-1121598
3175,-142846,-1113406
3176,-142846,-1105214
3177,-142846,-1097022
3178,-142846,-1088830
3179,-142846,-1080638
3180,-142846,-1072446
3181,-142846,-1064254
3182,-142846,-1056062
3183,-142846,-1047870
3184,-142846,-1039678
3185,-142846,-1031486
3186,-142846,-1023294
3187,-142846,-1015102
3188,-142846,-1006910
3189,-142846,-998718
3190,-142846,-990526
3191,-142846,-982334
3192,-142846,-974142
3193,-142846,-965950
3194,-142846,-957758
3195,-142846,-949566
3196,-142846,-941374
3197,-134654,-1211710
3198,-134654,-1203518
3199,-134654,-1195326
3200,-134654,-1187134
3201,-134654,-1178942
3202,-134654,-1170750
3203,-134654,-1162558
3204,-134654,-1154366
3205,-134654,-1146174
3206,-134654,-1137982
3207,-134654,-1129790
3208,-134654,-1121598
3209,-134654,-1113406
3210,-134654,-1105214
3211,-134654,-1097022
3212,-134654,-1088830
3213,-134654,-1080638
3214,-134654,-1072446
3215,-134654,-1064254
3216,-134654,-1056062
3217,-134654,-1047870
3218,-134654,-1039678
3219,-134654,-1031486
3220,-134654,-1023294
3221,-134654,-1015102
3222,-134654,-1006910
3223,-134654,-998718
3224,-134654,-990526
3225,-134654,-982334
3226,-134654,-974142
3227,-134654,-965950
3228,-134654,-957758
3229,-134654,-949566
3230,-134654,-941374
3231,-126462,-1211710
3232,-126462,-1203518
3233,-126462,-1195326
3234,-126462,-1187134
3235,-126462,-1178942
3236,-126462,-1170750
3237,-126462,-1162558
3238,-126462,-1154366
3239,-126462,-1146174
3240,-126462,-1137982
3241,-126462,-1129790
3242,-126462,-1121598
3243,-126462,-1113406
3244,-126462,-1105214
3245,-126462,-1097022
3246,-126462,-1088830
3247,-126462,-1080638
3248,-126462,-1072446
3249,-126462,-1064254
3250,-126462,-1056062
3251,-126462,-1047870
3252,-126462,-1039678
3253,-126462,-1031486
3254,-126462,-1023294
3255,-126462,-1015102
3256,-126462,-1006910
3257,-126462,-998718
3258,-126462,-990526
3259,-126462,-982334
3260,-126462,-974142
3261,-126462,-965950
3262,-126462,-957758
3263,-126462,-949566
3264,-126462,-941374
3265,-118270,-1211710
3266,-118270,-1203518
3267,-118270,-1195326
3268,-118270,-1187134
3269,-118270,-1178942
3270,-118270,-1170750
3271,-118270,-1162558
3272,-118270,-1154366
3273,-118270,-1146174
3274,-118270,-1137982
3275,-118270,-1129790
3276,-118270,-1121598
3277,-118270,-1113406
3278,-118270,-1105214
3279,-118270,-1097022
3280,-118270,-1088830
3281,-118270,-1080638
3282,-118270,-1072446
3283,-118270,-1064254
3284,-118270,-1056062
3285,-118270,-1047870
3286,-118270,-1039678
3287,-118270,-1031486
3288,-118270,-1023294
3289,-118270,-1015102
3290,-118270,-1006910
3291,-118270,-998718
3292,-118270,-990526
3293,-118270,-982334
3294,-118270,-974142
3295,-118270,-965950
3296,-118270,-957758
3297,-118270,-949566
3298,-118270,-941374
3299,-110078,-1211710
3300,-110078,-1203518
3301,-110078,-1195326
3302,-110078,-1187134
3303,-110078,-1178942
3304,-110078,-1170750
3305,-110078,-1162558
3306,-110078,-1154366
3307,-110078,-1146174
3308,-110078,-1137982
3309,-110078,-1129790
3310,-110078,-1121598
3311,-110078,-1113406
3312,-110078,-1105214
3313,-110078,-1097022
3314,-110078,-1088830
3315,-110078,-1080638
3316,-110078,-1072446
3317,-110078,-1064254
3318,-110078,-1056062
3319,-110078,-1047870
3320,-110078,-1039678
3321,-110078,-1031486
3322,-110078,-1023294
3323,-110078,-1015102
3324,-110078,-1006910
3325,-110078,-998718
3326,-110078,-990526
3327,-110078,-982334
3328,-110078,-974142
3329,-110078,-965950
3330,-110078,-957758
3331,-110078,-949566
3332,-110078,-941374
3333,-101886,-1211710
3334,-101886,-1203518
3335,-101886,-1195326
3336,-101886,-1187134
3337,-101886,-1178942
3338,-101886,-1170750
3339,-101886,-1162558
3340,-101886,-1154366
3341,-101886,-1146174
3342,-101886,-1137982
3343,-101886,-1129790
3344,-101886,-1121598
3345,-101886,-1113406
3346,-101886,-1105214
3347,-101886,-1097022
3348,-101886,-1088830
3349,-101886,-1080638
3350,-101886,-1072446
3351,-101886,-1064254
3352,-101886,-1056062
3353,-101886,-1047870
3354,-101886,-1039678
3355,-101886,-1031486
3356,-101886,-1023294
3357,-101886,-1015102
3358,-101886,-1006910
3359,-101886,-998718
3360,-101886,-990526
3361,-101886,-982334
3362,-101886,-974142
3363,-101886,-965950
3364,-101886,-957758
3365,-101886,-949566
3366,-101886,-941374
3367,-93694,-1211710
3368,-93694,-1203518
3369,-93694,-1195326
3370,-93694,-1187134
3371,-93694,-1178942
3372,-93694,-1170750
3373,-93694,-1162558
3374,-93694,-1154366
3375,-93694,-1146174
3376,-93694,-1137982
3377,-93694,-1129790
3378,-93694,-1121598
3379,-93694,-1113406
3380,-93694,-1105214
3381,-93694,-1097022
3382,-93694,-1088830
3383,-93694,-1080638
3384,-93694,-1072446
3385,-93694,-1064254
3386,-93694,-1056062
3387,-93694,-1047870
3388,-93694,-1039678
3389,-93694,-1031486
3390,-93694,-1023294
3391,-93694,-1015102
3392,-93694,-1006910
3393,-93694,-998718
3394,-93694,-990526
3395,-93694,-982334
3396,-93694,-974142
3397,-93694,-965950
3398,-93694,-957758
3399,-93694,-949566
3400,-93694,-941374
3401,-85502,-1211710
3402,-85502,-1203518
3403,-85502,-1195326
3404,-85502,-1187134
3405,-85502,-1178942
3406,-85502,-1170750
3407,-85502,-1162558
3408,-85502,-1154366
3409,-85502,-1146174
3410,-85502,-1137982
3411,-85502,-1129790
3412,-85502,-1121598
3413,-85502,-1113406
3414,-85502,-1105214
3415,-85502,-1097022
3416,-85502,-1088830
3417,-85502,-1080638
3418,-85502,-1072446
3419,-85502,-1064254
3420,-85502,-1056062
3421,-85502,-1047870
3422,-85502,-1039678
3423,-85502,-1031486
3424,-85502,-1023294
3425,-85502,-1015102
3426,-85502,-1006910
3427,-85502,-998718
3428,-85502,-990526
3429,-85502,-982334
3430,-85502,-974142
3431,-85502,-965950
3432,-85502,-957758
3433,-85502,-949566
3434,-85502,-941374
3435,-77310,-1211710
3436,-77310,-1203518
3437,-77310,-1195326
3438,-77310,-1187134
3439,-77310,-1178942
3440,-77310,-1170750
3441,-77310,-1162558
3442,-77310,-1154366
3443,-77310,-1146174
3444,-77310,-1137982
3445,-77310,-1129790
3446,-77310,-1121598
3447,-77310,-1113406
3448,-77310,-1105214
3449,-77310,-1097022
3450,-77310,-1088830
3451,-77310,-1080638
3452,-77310,-1072446
3453,-77310,-1064254
3454,-77310,-1056062
3455,-77310,-1047870
3456,-77310,-1039678
3457,-77310,-1031486
3458,-77310,-1023294
3459,-77310,-1015102
3460,-77310,-1006910
3461,-77310,-998718
3462,-77310,-990526
3463,-77310,-982334
3464,-77310,-974142
3465,-77310,-965950
3466,-77310,-957758
3467,-77310,-949566
3468,-77310,-941374
3469,-69118,-1211710
3470,-69118,-1203518
3471,-69118,-1195326
3472,-69118,-1187134
3473,-69118,-1178942
3474,-69118,-1170750
3475,-69118,-1162558
3476,-69118,-1154366
3477,-69118,-1146174
3478,-69118,-1137982
3479,-69118,-1129790
3480,-69118,-1121598
3481,-69118,-1113406
3482,-69118,-1105214
3483,-69118,-1097022
3484,-69118,-1088830
3485,-69118,-1080638
3486,-69118,-1072446
3487,-69118,-1064254
3488,-69118,-1056062
3489,-69118,-1047870
3490,-69118,-1039678
3491,-69118,-1031486
3492,-69118,-1023294
3493,-69118,-1015102
3494,-69118,-1006910
3495,-69118,-998718
3496,-69118,-990526
3497,-69118,-982334
3498,-69118,-974142
3499,-69118,-965950
3500,-69118,-957758
3501,-69118,-949566
3502,-69118,-941374
3503,-60926,-1211710
3504,-60926,-1203518
3505,-60926,-1195326
3506,-60926,-1187134
3507,-60926,-1178942
3508,-60926,-1170750
3509,-60926,-1162558
3510,-60926,-1154366
3511,-60926,-1146174
3512,-60926,-1137982
3513,-60926,-1129790
3514,-60926,-1121598
3515,-60926,-1113406
3516,-60926,-1105214
3517,-60926,-1097022
3518,-60926,-1088830
3519,-60926,-1080638
3520,-60926,-1072446
3521,-60926,-1064254
3522,-60926,-1056062
3523,-60926,-1047870
3524,-60926,-1039678
3525,-60926,-1031486
3526,-60926,-1023294
3527,-60926,-1015102
3528,-60926,-1006910
3529,-60926,-998718
3530,-60926,-990526
3531,-60926,-982334
3532,-60926,-974142
3533,-60926,-965950
3534,-60926,-957758
3535,-60926,-949566
3536,-60926,-941374
3537,-52734,-1211710
3538,-52734,-1203518
3539,-52734,-1195326
3540,-52734,-1187134
3541,-52734,-1178942
3542,-52734,-1170750
3543,-52734,-1162558
3544,-52734,-1154366
3545,-52734,-1146174
3546,-52734,-1137982
3547,-52734,-1129790
3548,-52734,-1121598
3549,-52734,-1113406
3550,-52734,-1105214
3551,-52734,-1097022
3552,-52734,-1088830
3553,-52734,-1080638
3554,-52734,-1072446
3555,-52734,-1064254
3556,-52734,-1056062
3557,-52734,-1047870
3558,-52734,-1039678
3559,-52734,-1031486
3560,-52734,-1023294
3561,-52734,-1015102
3562,-52734,-1006910
3563,-52734,-998718
3564,-52734,-990526
3565,-52734,-982334
3566,-52734,-974142
3567,-52734,-965950
3568,-52734,-957758
3569,-52734,-949566
3570,-52734,-941374
3571,-44542,-1211710
3572,-44542,-1203518
3573,-44542,-1195326
3574,-44542,-1187134
3575,-44542,-1178942
3576,-44542,-1170750
3577,-44542,-1162558
3578,-44542,-1154366
3579,-44542,-1146174
3580,-44542,-1137982
3581,-44542,-1129790
3582,-44542,-1121598
3583,-44542,-1113406
3584,-44542,-1105214
3585,-44542,-1097022
3586,-44542,-1088830
3587,-44542,-1080638
3588,-44542,-1072446
3589,-44542,-1064254
3590,-44542,-1056062
3591,-44542,-1047870
3592,-44542,-1039678
3593,-44542,-1031486
3594,-44542,-1023294
3595,-44542,-1015102
3596,-44542,-1006910
3597,-44542,-998718
3598,-44542,-990526
3599,-44542,-982334
3600,-44542,-974142
3601,-44542,-965950
3602,-44542,-957758
3603,-44542,-949566
3604,-44542,-941374
3605,-36350,-1211710
3606,-36350,-1203518
3607,-36350,-1195326
3608,-36350,-1187134
3609,-36350,-1178942
3610,-36350,-1170750
3611,-36350,-1162558
3612,-36350,-1154366
3613,-36350,-1146174
3614,-36350,-1137982
3615,-36350,-1129790
3616,-36350,-1121598
3617,-36350,-1113406
3618,-36350,-1105214
3619,-36350,-1097022
3620,-36350,-1088830
3621,-36350,-1080638
3622,-36350,-1072446
3623,-36350,-1064254
3624,-36350,-1056062
3625,-36350,-1047870
3626,-36350,-1039678
3627,-36350,-1031486
3628,-36350,-1023294
3629,-36350,-1015102
3630,-36350,-1006910
3631,-36350,-998718
3632,-36350,-990526
3633,-36350,-982334
3634,-36350,-974142
3635,-36350,-965950
3636,-36350,-957758
3637,-36350,-949566
3638,-36350,-941374
3639,-28158,-1211710
3640,-28158,-1203518
3641,-28158,-1195326
3642,-28158,-1187134
3643,-28158,-1178942
3644,-28158,-1170750
3645,-28158,-1162558
3646,-28158,-1154366
3647,-28158,-1146174
3648,-28158,-1137982
3649,-28158,-1129790
3650,-28158,-1121598
3651,-28158,-1113406
3652,-28158,-1105214
3653,-28158,-1097022
3654,-28158,-1088830
3655,-28158,-1080638
3656,-28158,-1072446
3657,-28158,-1064254
3658,-28158,-1056062
3659,-28158,-1047870
3660,-28158,-1039678
3661,-28158,-1031486
3662,-28158,-1023294
3663,-28158,-1015102
3664,-28158,-1006910
3665,-28158,-998718
3666,-28158,-990526
3667,-28158,-982334
3668,-28158,-974142
3669,-28158,-965950
3670,-28158,-957758
3671,-28158,-949566
3672,-28158,-941374
3673,-19966,-1211710
3674,-19966,-1203518
3675,-19966,-1195326
3676,-19966,-1187134
3677,-19966,-1178942
3678,-19966,-1170750
3679,-19966,-1162558
3680,-19966,-1154366
3681,-19966,-1146174
3682,-19966,-1137982
3683,-19966,-1129790
3684,-19966,-1121598
3685,-19966,-1113406
3686,-19966,-1105214
3687,-19966,-1097022
3688,-19966,-1088830
3689,-19966,-1080638
3690,-19966,-1072446
3691,-19966,-1064254
3692,-19966,-1056062
3693,-19966,-1047870
3694,-19966,-1039678
3695,-19966,-1031486
3696,-19966,-1023294
3697,-19966,-1015102
3698,-19966,-1006910
3699,-19966,-998718
3700,-19966,-990526
3701,-19966,-982334
3702,-19966,-974142
3703,-19966,-965950
3704,-19966,-957758
3705,-19966,-949566
3706,-19966,-941374
3707,-11774,-1211710
3708,-11774,-1203518
3709,-11774,-1195326
3710,-11774,-1187134
3711,-11774,-1178942
3712,-11774,-1170750
3713,-11774,-1162558
3714,-11774,-1154366
3715,-11774,-1146174
3716,-11774,-1137982
3717,-11774,-1129790
3718,-11774,-1121598
3719,-11774,-1113406
3720,-11774,-1105214
3721,-11774,-1097022
3722,-11774,-1088830
3723,-11774,-1080638
3724,-11774,-1072446
3725,-11774,-1064254
3726,-11774,-1056062
3727,-11774,-1047870
3728,-11774,-1039678
3729,-11774,-1031486
3730,-11774,-1023294
3731,-11774,-1015102
3732,-11774,-1006910
3733,-11774,-998718
3734,-11774,-990526
3735,-11774,-982334
3736,-11774,-974142
3737,-11774,-965950
3738,-11774,-957758
3739,-11774,-949566
3740,-11774,-941374
3741,-3582,-1211710
3742,-3582,-1203518
3743,-3582,-1195326
3744,-3582,-1187134
3745,-3582,-1178942
3746,-3582,-1170750
3747,-3582,-1162558
3748,-3582,-1154366
3749,-3582,-1146174
3750,-3582,-1137982
3751,-3582,-1129790
3752,-3582,-1121598
3753,-3582,-1113406
3754,-3582,-1105214
3755,-3582,-1097022
3756,-3582,-1088830
3757,-3582,-1080638
3758,-3582,-1072446
3759,-3582,-1064254
3760,-3582,-1056062
3761,-3582,-1047870
3762,-3582,-1039678
3763,-3582,-1031486
3764,-3582,-1023294
3765,-3582,-1015102
3766,-3582,-1006910
3767,-3582,-998718
3768,-3582,-990526
3769,-3582,-982334
3770,-3582,-974142
3771,-3582,-965950
3772,-3582,-957758
3773,-3582,-949566
3774,-3582,-941374
